"aid","n.word","n.image","journalist"
"A0001",NA,NA,"其他"
"A0002",934,1,"鋼鐵人"
"A0004",853,1,"小丑女"
"A0005",1004,1,"鋼鐵人"
"A0007",915,0,"鋼鐵人"
"A0008",912,1,"小丑女"
"A0009",890,1,"小丑女"
"A0012",879,1,"小丑女"
"A0013",1093,1,"小丑女"
"A0015",734,1,"小丑女"
"A0016",1000,1,"小丑女"
"A0018",NA,NA,"其他"
"A0019",468,1,"其他"
"A0020",523,1,"其他"
"A0021",1097,1,"其他"
"A0022",568,1,"其他"
"A0023",790,0,"其他"
"A0024",955,1,"小丑女"
"A0025",693,0,"小丑女"
"A0026",1028,1,"小丑女"
"A0027",881,1,"小丑女"
"A0028",875,1,"鋼鐵人"
"A0029",951,0,"鋼鐵人"
"A0030",883,0,"其他"
"A0031",781,1,"其他"
"A0032",828,0,"鋼鐵人"
"A0033",887,1,"小丑女"
"A0034",743,1,"鋼鐵人"
"A0035",814,1,"鋼鐵人"
"A0036",881,1,"鋼鐵人"
"A0037",979,1,"小丑女"
"A0038",1019,1,"小丑女"
"A0039",912,1,"鋼鐵人"
"A0040",503,1,"鋼鐵人"
"A0041",1107,1,"小丑女"
"A0042",1167,1,"神力女超人"
"A0043",477,1,"神力女超人"
"A0044",1061,1,"小丑女"
"A0045",1054,1,"小丑女"
"A0046",997,0,"鋼鐵人"
"A0047",778,1,"其他"
"A0048",1084,1,"其他"
"A0049",498,1,"神力女超人"
"A0050",835,1,"其他"
"A0052",991,1,"神力女超人"
"A0053",908,1,"神力女超人"
"A0054",960,1,"小丑女"
"A0055",873,1,"鋼鐵人"
"A0056",1154,1,"小丑女"
"A0057",898,1,"神力女超人"
"A0058",1038,1,"神力女超人"
"A0059",896,1,"小丑女"
"A0060",860,1,"其他"
"A0061",923,1,"鋼鐵人"
"A0062",686,1,"鋼鐵人"
"A0063",714,1,"鋼鐵人"
"A0064",1086,1,"其他"
"A0065",939,1,"小丑女"
"A0066",993,1,"小丑女"
"A0067",908,1,"小丑女"
"A0068",751,1,"小丑女"
"A0069",929,1,"鋼鐵人"
"A0070",787,1,"鋼鐵人"
"A0071",981,1,"其他"
"A0072B",NA,NA,"神力女超人"
"A0073",987,1,"鋼鐵人"
"A0074",860,1,"鋼鐵人"
"A0075",939,1,"鋼鐵人"
"A0076",NA,NA,"其他"
"A0077",928,1,"神力女超人"
"A0078",988,1,"小丑女"
"A0079",793,1,"小丑女"
"A0080",906,1,"其他"
"A0081",1061,1,"小丑女"
"A0082",1062,1,"神力女超人"
"A0083",904,1,"神力女超人"
"A0084",986,1,"鋼鐵人"
"A0085",593,1,"鋼鐵人"
"A0086",618,1,"鋼鐵人"
"A0087",1109,1,"鋼鐵人"
"A0088",933,1,"小丑女"
"A0089",925,1,"小丑女"
"A0090",1006,1,"小丑女"
"A0091",940,1,"小丑女"
"A0092",1013,1,"鳳凰女"
"A0093",988,1,"神力女超人"
"A0094",916,1,"神力女超人"
"A0095",984,0,"神力女超人"
"A0096",985,1,"神力女超人"
"A0097",842,1,"神力女超人"
"A0098",994,1,"鋼鐵人"
"A0099",1113,1,"鋼鐵人"
"A0100",736,1,"神力女超人"
"A0101",987,1,"神力女超人"
"A0102",1067,1,"小丑女"
"A0103",850,1,"神力女超人"
"A0104",969,1,"神力女超人"
"A0105",981,1,"神力女超人"
"A0106",983,1,"神力女超人"
"A0107",901,1,"鳳凰女"
"A0108",911,1,"鳳凰女"
"A0109",524,1,"鳳凰女"
"A0110",768,1,"鋼鐵人"
"A0111",969,1,"鋼鐵人"
"A0112",923,1,"小丑女"
"A0113",928,1,"小丑女"
"A0114",1293,1,"鋼鐵人"
"A0115",653,1,"鋼鐵人"
"A0116",1178,1,"鋼鐵人"
"A0117",834,1,"鋼鐵人"
"A0118",889,1,"神力女超人"
"A0119",982,1,"神力女超人"
"A0120",1153,2,"鋼鐵人"
"A0121",993,1,"小丑女"
"A0122",1169,1,"小丑女"
"A0123",926,1,"小丑女"
"A0124",821,1,"神力女超人"
"A0125",618,1,"神力女超人"
"A0126",806,1,"小丑女"
"A0127",1169,1,"鋼鐵人"
"A0128",940,1,"鳳凰女"
"A0129",1205,1,"小丑女"
"A0131",907,1,"小丑女"
"A0132",1250,1,"鋼鐵人"
"A0133",934,1,"鋼鐵人"
"A0134",1219,1,"神力女超人"
"A0135",1229,1,"神力女超人"
"A0136",941,1,"小丑女"
"A0137",1212,1,"小丑女"
"A0138",887,2,"神力女超人"
"A0139",542,1,"其他"
"A0140",582,1,"其他"
"A0142",1284,2,"鋼鐵人"
"A0143",1091,1,"神力女超人"
"A0145",1139,1,"小丑女"
"A0146",1167,1,"鋼鐵人"
"A0147",1118,1,"鋼鐵人"
"A0148",1314,2,"鋼鐵人"
"A0149",1185,2,"鋼鐵人"
"A0150",1062,2,"鋼鐵人"
"A0151",812,1,"鳳凰女"
"A0152",1455,1,"小丑女"
"A0153",860,1,"神力女超人"
"A0154",975,1,"神力女超人"
"A0155",1100,1,"神力女超人"
"A0156",1060,1,"小丑女"
"A0158",1749,1,"鋼鐵人"
"A0159",1240,1,"鋼鐵人"
"A0160",393,1,"神力女超人"
"A0161",1115,1,"神力女超人"
"A0162",1099,1,"小丑女"
"A0163",1037,1,"小丑女"
"A0164",1138,1,"小丑女"
"A0165",1074,1,"鳳凰女"
"A0167",1147,1,"神力女超人"
"A0168",300,1,"神力女超人"
"A0169",1212,1,"鋼鐵人"
"A0170",1167,1,"鋼鐵人"
"A0171",1062,2,"鋼鐵人"
"A0172",1001,1,"小丑女"
"A0173",443,1,"鳳凰女"
"A0174",1685,3,"其他"
"A0175",1685,3,"其他"
"A0176",1074,1,"鋼鐵人"
"A0177",977,1,"鋼鐵人"
"A0179",1685,3,"其他"
"A0180",1122,1,"小丑女"
"A0181",977,1,"小丑女"
"A0182",1005,1,"小丑女"
"A0183",1041,1,"鳳凰女"
"A0184",1024,1,"鳳凰女"
"A0185",1117,1,"鳳凰女"
"A0186",1000,1,"小丑女"
"A0187",488,1,"小丑女"
"A0188",1157,1,"鋼鐵人"
"A0189",1237,1,"鋼鐵人"
"A0190",1284,0,"鋼鐵人"
"A0191",1283,1,"鋼鐵人"
"A0192",1154,2,"鋼鐵人"
"A0193",1079,1,"鋼鐵人"
"A0194",1031,1,"小丑女"
"A0195",1189,1,"小丑女"
"A0196",1444,2,"小丑女"
"A0197",1258,1,"小丑女"
"A0198",1039,1,"鋼鐵人"
"A0199",1128,1,"鋼鐵人"
"A0200",1199,1,"鋼鐵人"
"A0201",1212,2,"鋼鐵人"
"A0202",1040,1,"小丑女"
"A0203",1119,1,"鋼鐵人"
"A0204",1079,1,"鋼鐵人"
"A0205",1043,1,"鋼鐵人"
"A0206",1049,1,"小丑女"
"A0207",1168,1,"小丑女"
"A0208",1214,1,"小丑女"
"A0209",1350,1,"鳳凰女"
"A0210",1080,2,"鳳凰女"
"A0211",677,1,"鳳凰女"
"A0212",1006,2,"鋼鐵人"
"A0213",556,1,"鋼鐵人"
"A0214",1202,2,"鋼鐵人"
"A0215",702,1,"鳳凰女"
"A0216",1172,1,"小丑女"
"A0217",1238,1,"小丑女"
"A0218",1173,1,"小丑女"
"A0219",441,1,"鳳凰女"
"A0220",1200,2,"鋼鐵人"
"A0221",1113,2,"鋼鐵人"
"A0222",1181,1,"鋼鐵人"
"A0223",1225,1,"小丑女"
"A0224",1082,1,"鳳凰女"
"A0225",1203,1,"鳳凰女"
"A0226",1120,1,"鳳凰女"
"A0227",1053,1,"小丑女"
"A0228",1100,1,"鳳凰女"
"A0229",1341,1,"鋼鐵人"
"A0230",1279,1,"鋼鐵人"
"A0231",1053,1,"鋼鐵人"
"A0232",539,1,"鳳凰女"
"A0233",1139,1,"鳳凰女"
"A0234",1125,1,"小丑女"
"A0235",854,1,"小丑女"
"A0236",994,1,"小丑女"
"A0237",885,1,"鳳凰女"
"A0238",600,1,"小丑女"
"A0239",1221,1,"鳳凰女"
"A0240",983,1,"鋼鐵人"
"A0241",1201,1,"鳳凰女"
"A0242",NA,NA,"其他"
"A0243",939,1,"小丑女"
"A0245",1164,2,"鋼鐵人"
"A0246",1176,0,"鋼鐵人"
"A0247",1097,1,"鋼鐵人"
"A0248",1174,1,"小丑女"
"A0249",1109,1,"鳳凰女"
"A0250",1209,1,"鳳凰女"
"A0252",1007,0,"小丑女"
"A0253",1067,2,"鋼鐵人"
"A0254",908,1,"鋼鐵人"
"A0255",1279,2,"鋼鐵人"
"A0256",NA,NA,"其他"
"A0257",1118,0,"小丑女"
"A0258",1284,1,"小丑女"
"A0259",948,1,"小丑女"
"A0260",1149,2,"鋼鐵人"
"A0261",1184,1,"鋼鐵人"
"A0262",1074,1,"鋼鐵人"
"A0263",1087,2,"鳳凰女"
"A0264",445,1,"鳳凰女"
"A0265",866,1,"鳳凰女"
"A0266",936,1,"小丑女"
"A0267",1011,1,"小丑女"
"A0268",1122,1,"鋼鐵人"
"A0269",1123,1,"鳳凰女"
"A0270",1038,1,"鳳凰女"
"A0271",1148,1,"鋼鐵人"
"A0272",602,1,"鋼鐵人"
"A0273",1187,1,"小丑女"
"A0274",1066,1,"小丑女"
"A0275",1248,1,"小丑女"
"A0276",612,1,"小丑女"
"A0277",1063,1,"小丑女"
"A0278",971,1,"小丑女"
"A0279",1107,1,"鋼鐵人"
"A0280",958,1,"鋼鐵人"
"A0282",915,1,"鳳凰女"
"A0283",899,1,"鳳凰女"
"A0284",958,1,"鳳凰女"
"A0285",1032,1,"鋼鐵人"
"A0286",1227,1,"鋼鐵人"
"A0287",696,1,"鋼鐵人"
"A0289",1260,1,"緋紅女巫"
"A0290",1055,1,"緋紅女巫"
"A0291",1044,1,"小丑女"
"A0292",1115,1,"小丑女"
"A0293",1181,1,"小丑女"
"A0294",1571,1,"小丑女"
"A0295",1056,2,"緋紅女巫"
"A0296",1321,1,"緋紅女巫"
"A0297",858,1,"小丑女"
"A0298",615,1,"小丑女"
"A0299",1060,1,"小丑女"
"A0300",839,1,"鳳凰女"
"A0301",1197,2,"鳳凰女"
"A0302",893,1,"鳳凰女"
"A0303",1174,2,"鋼鐵人"
"A0304",1325,1,"鋼鐵人"
"A0305",702,1,"緋紅女巫"
"A0306",1216,1,"緋紅女巫"
"A0307",855,1,"小丑女"
"A0308",1249,1,"鋼鐵人"
"A0309",674,1,"鋼鐵人"
"A0310",1253,1,"小丑女"
"A0311",1061,1,"小丑女"
"A0312",1108,1,"緋紅女巫"
"A0313",1271,1,"緋紅女巫"
"A0314",955,1,"緋紅女巫"
"A0315",1250,1,"緋紅女巫"
"A0316",1073,1,"緋紅女巫"
"A0317",525,1,"鋼鐵人"
"A0318",1255,2,"鋼鐵人"
"A0319",1065,1,"小丑女"
"A0320",1218,1,"小丑女"
"A0321",528,1,"小丑女"
"A0322",1088,1,"鋼鐵人"
"A0323",1040,1,"鋼鐵人"
"A0324",940,1,"鋼鐵人"
"A0326",634,1,"緋紅女巫"
"A0327",704,1,"緋紅女巫"
"A0328",1090,1,"緋紅女巫"
"A0329",1071,2,"鋼鐵人"
"A0330",931,2,"鋼鐵人"
"A0331",947,1,"鋼鐵人"
"A0332",1039,1,"小丑女"
"A0333",915,1,"小丑女"
"A0334",1065,1,"小丑女"
"A0335",NA,NA,"其他"
"A0336",984,2,"緋紅女巫"
"A0337",1073,1,"緋紅女巫"
"A0338",923,1,"小丑女"
"A0339",1059,1,"小丑女"
"A0340",993,1,"鋼鐵人"
"A0341",1062,1,"小丑女"
"A0342",854,1,"緋紅女巫"
"A0343",945,1,"緋紅女巫"
"A0345",1067,1,"緋紅女巫"
"A0346",945,1,"鋼鐵人"
"A0347",1065,1,"鋼鐵人"
"A0348",772,1,"鋼鐵人"
"A0349",1030,1,"緋紅女巫"
"A0350",996,1,"緋紅女巫"
"A0351",976,1,"緋紅女巫"
"A0352",815,1,"小丑女"
"A0353",901,1,"小丑女"
"A0354",837,1,"小丑女"
"A0355",1039,1,"鋼鐵人"
"A0356",1081,1,"小丑女"
"A0357",1065,1,"小丑女"
"A0358",1069,1,"小丑女"
"A0359",1074,1,"緋紅女巫"
"A0360",992,1,"鋼鐵人"
"A0361",1109,1,"鋼鐵人"
"A0362",865,3,"鋼鐵人"
"A0363",951,1,"緋紅女巫"
"A0364",1023,1,"小丑女"
"A0365",923,1,"小丑女"
"A0366",938,1,"小丑女"
"A0367",1138,1,"鋼鐵人"
"A0368",1073,1,"鋼鐵人"
"A0369",1005,1,"小丑女"
"A0370",1085,1,"小丑女"
"A0371",1340,1,"小丑女"
"A0372",940,1,"緋紅女巫"
"A0373",581,1,"緋紅女巫"
"A0374",973,1,"緋紅女巫"
"A0375",300,1,"鋼鐵人"
"A0376",1266,1,"鋼鐵人"
"A0377",1098,1,"鋼鐵人"
"A0378",1078,1,"小丑女"
"A0379",1005,1,"小丑女"
"A0380",647,1,"小丑女"
"A0381",653,1,"緋紅女巫"
"A0382",1018,1,"小丑女"
"A0383",1072,1,"小丑女"
"A0384",1612,1,"小丑女"
"A0385",1150,1,"鋼鐵人"
"A0386",1086,1,"鋼鐵人"
"A0387",1153,1,"鋼鐵人"
"A0388",837,1,"鳳凰女"
"A0389",527,1,"鋼鐵人"
"A0390",1229,1,"鋼鐵人"
"A0391",1170,1,"鋼鐵人"
"A0392",1205,1,"小丑女"
"A0393",1256,1,"小丑女"
"A0394",1042,1,"小丑女"
"A0395",1038,1,"鳳凰女"
"A0396",1042,1,"鳳凰女"
"A0398",524,1,"鋼鐵人"
"A0399",456,1,"鋼鐵人"
"A0400",1222,2,"鋼鐵人"
"A0401",1267,1,"鳳凰女"
"A0402",1140,1,"小丑女"
"A0403",1114,1,"小丑女"
"A0404",1105,2,"鋼鐵人"
"A0405",1194,1,"小丑女"
"A0406",1169,2,"小丑女"
"A0407",1032,2,"小丑女"
"A0408",1594,1,"鋼鐵人"
"A0410",1469,1,"鋼鐵人"
"A0411",1262,2,"鋼鐵人"
"A0413",1110,1,"小丑女"
"A0415",1208,1,"小丑女"
"A0416",476,1,"鳳凰女"
"A0417",1172,1,"鋼鐵人"
"A0418",1251,1,"鋼鐵人"
"A0419",606,1,"鋼鐵人"
"A0420",1095,1,"小丑女"
"A0421",1576,2,"小丑女"
"A0422",1109,1,"小丑女"
"A0423",563,1,"鳳凰女"
"A0424",1228,2,"鋼鐵人"
"A0425",1088,1,"小丑女"
"A0426",662,1,"鋼鐵人"
"A0427",459,1,"鳳凰女"
"A0428",1062,1,"鳳凰女"
"A0429",1099,1,"小丑女"
"A0430",961,2,"鋼鐵人"
"A0431",1108,1,"鋼鐵人"
"A0432",607,1,"鳳凰女"
"A0433",1093,1,"鋼鐵人"
"A0434",1094,1,"小丑女"
"A0435",1013,1,"小丑女"
"A0436",439,1,"鳳凰女"
"A0438",1192,1,"鋼鐵人"
"A0439",680,1,"鋼鐵人"
"A0440",944,1,"小丑女"
"A0441",1083,1,"鳳凰女"
"A0442",1077,1,"小丑女"
"A0443",1715,2,"鳳凰女"
"A0446",1264,1,"鋼鐵人"
"A0447",1159,1,"小丑女"
"A0448",1012,1,"鳳凰女"
"A0449",747,1,"鳳凰女"
"A0450",1170,1,"小丑女"
"A0451",877,1,"鋼鐵人"
"A0452",1024,1,"鋼鐵人"
"A0453",958,1,"鳳凰女"
"A0454",993,1,"鳳凰女"
"A0455",963,1,"小丑女"
"A0456",976,1,"小丑女"
"A0457",516,1,"鳳凰女"
"A0458",835,1,"小丑女"
"A0459",1089,1,"鋼鐵人"
"A0460",868,1,"鳳凰女"
"A0461",1092,1,"小丑女"
"A0462",1056,2,"鋼鐵人"
"A0463",714,1,"小丑女"
"A0464",1121,1,"小丑女"
"A0465",942,1,"小丑女"
"A0466",1010,2,"鋼鐵人"
"A0467",885,1,"鋼鐵人"
"A0468",906,1,"鳳凰女"
"A0469",578,1,"鳳凰女"
"A0470",847,1,"鋼鐵人"
"A0471",1259,1,"鳳凰女"
"A0472",919,1,"鋼鐵人"
"A0473",1150,1,"小丑女"
"A0474",988,1,"小丑女"
"A0478",917,1,"鳳凰女"
"A0479",574,1,"鳳凰女"
"A0480",1360,1,"鋼鐵人"
"A0481",1033,1,"小丑女"
"A0482",810,1,"小丑女"
"A0483",1041,1,"鋼鐵人"
"A0484",479,1,"鋼鐵人"
"A0485",585,1,"鳳凰女"
"A0486",941,1,"鳳凰女"
"A0487",1114,1,"鋼鐵人"
"A0488",1480,1,"小丑女"
"A0490",813,1,"鳳凰女"
"A0491",460,1,"鳳凰女"
"A0492",1093,1,"鋼鐵人"
"A0493",1082,1,"鋼鐵人"
"A0494",922,1,"小丑女"
"A0495",1168,1,"鋼鐵人"
"A0496",554,1,"鋼鐵人"
"A0497",637,1,"鳳凰女"
"A0498",927,1,"鳳凰女"
"A0499",1272,1,"小丑女"
"A0500",1098,1,"小丑女"
"A0501",1063,1,"小丑女"
"A0502",1098,1,"小丑女"
"A0505",563,1,"鋼鐵人"
"A0506",692,1,"鋼鐵人"
"A0510",830,1,"鳳凰女"
"A0511",956,1,"鋼鐵人"
"A0512",1143,1,"鋼鐵人"
"A0513",1102,1,"小丑女"
"A0514",1077,1,"小丑女"
"A0515",1573,2,"小丑女"
"A0517",998,1,"鋼鐵人"
"A0518",1130,1,"鋼鐵人"
"A0520",998,1,"鳳凰女"
"A0521",1102,1,"鳳凰女"
"A0522",966,2,"鋼鐵人"
"A0523",664,1,"鋼鐵人"
"A0524",1001,1,"鳳凰女"
"A0525",985,1,"鳳凰女"
"A0526",1125,1,"小丑女"
"A0527",974,1,"鋼鐵人"
"A0528",879,1,"鋼鐵人"
"A0529",868,1,"鋼鐵人"
"A0530",935,1,"小丑女"
"A0531",763,1,"小丑女"
"A0532",875,1,"鳳凰女"
"A0533",728,1,"鳳凰女"
"A0534",900,1,"鋼鐵人"
"A0535",1070,1,"鋼鐵人"
"A0536",1121,1,"鳳凰女"
"A0537",860,1,"鳳凰女"
"A0538",1191,1,"鋼鐵人"
"A0539",1096,2,"鋼鐵人"
"A0540",670,1,"鳳凰女"
"A0541",845,1,"小丑女"
"A0542",1303,1,"小丑女"
"A0543",1063,1,"鳳凰女"
"A0545",755,1,"小丑女"
"A0546",1268,1,"小丑女"
"A0547",748,1,"小丑女"
"A0548",942,1,"鋼鐵人"
"A0549",1006,1,"鋼鐵人"
"A0551",1069,1,"鳳凰女"
"A0553",661,1,"其他"
"A0554",754,1,"鳳凰女"
"A0555",609,1,"鋼鐵人"
"A0556",951,1,"鳳凰女"
"A0557",1004,2,"鋼鐵人"
"A0558",985,2,"鋼鐵人"
"A0559",753,1,"小丑女"
"A0561",1193,1,"小丑女"
"A0563",1438,1,"鳳凰女"
"A0566",1100,1,"小丑女"
"A0567",1196,1,"小丑女"
"A0568",648,1,"其他"
"A0570",662,1,"小丑女"
"A0571",1218,2,"鋼鐵人"
"A0572",1142,2,"鋼鐵人"
"A0573",1146,1,"鳳凰女"
"A0574",819,1,"鳳凰女"
"A0578",1190,1,"鋼鐵人"
"A0580",875,1,"鳳凰女"
"A0582",1112,1,"鋼鐵人"
"A0583",1183,1,"鋼鐵人"
"A0586",678,1,"小丑女"
"A0587",1038,1,"小丑女"
"A0588",1042,1,"鳳凰女"
"A0589",790,1,"鳳凰女"
"A0590",922,2,"鳳凰女"
"A0591",699,2,"鳳凰女"
"A0592",1157,1,"鋼鐵人"
"A0593",507,1,"鋼鐵人"
"A0594",1360,1,"小丑女"
"A0595",729,1,"小丑女"
"A0596",1065,1,"小丑女"
"A0597",1009,1,"鋼鐵人"
"A0598",658,1,"鋼鐵人"
"A0599",1078,2,"小丑女"
"A0600",576,1,"鳳凰女"
"A0601",623,1,"鳳凰女"
"A0602",820,1,"鳳凰女"
"A0603",752,1,"鳳凰女"
"A0604",1609,1,"鋼鐵人"
"A0605",691,1,"鋼鐵人"
"A0606",587,1,"鋼鐵人"
"A0607",764,1,"小丑女"
"A0608",727,1,"小丑女"
"A0609",699,1,"鋼鐵人"
"A0610",799,1,"小丑女"
"A0611",671,1,"鋼鐵人"
"A0612",764,1,"鳳凰女"
"A0613",862,1,"鳳凰女"
"A0614",990,1,"鋼鐵人"
"A0615",681,1,"鋼鐵人"
"A0616",946,1,"鳳凰女"
"A0617",956,1,"鳳凰女"
"A0618",892,1,"鳳凰女"
"A0619",949,1,"鳳凰女"
"A0620",871,2,"鳳凰女"
"A0621",1086,1,"鋼鐵人"
"A0622",1131,2,"鋼鐵人"
"A0623",721,1,"鋼鐵人"
"A0624",701,1,"小丑女"
"A0625",887,1,"小丑女"
"A0626",992,1,"小丑女"
"A0627",1067,1,"鋼鐵人"
"A0629",776,1,"鳳凰女"
"A0630",809,1,"鳳凰女"
"A0631",963,1,"小丑女"
"A0632",764,1,"小丑女"
"A0633",1268,1,"小丑女"
"A0634",971,2,"鋼鐵人"
"A0635",630,1,"其他"
"A0636",920,1,"鳳凰女"
"A0637",1011,1,"鋼鐵人"
"A0638",621,1,"鋼鐵人"
"A0639",854,1,"鳳凰女"
"A0640",873,1,"鋼鐵人"
"A0641",578,1,"鋼鐵人"
"A0642",694,1,"鳳凰女"
"A0643",889,1,"鋼鐵人"
"A0644",1013,1,"小丑女"
"A0645",912,1,"小丑女"
"A0646",743,1,"鋼鐵人"
"A0647",574,1,"鳳凰女"
"A0648",1023,1,"鳳凰女"
"A0649",998,1,"鳳凰女"
"A0650",873,1,"小丑女"
"A0651",1035,1,"鋼鐵人"
"A0652",773,1,"鋼鐵人"
"A0653",1083,1,"鋼鐵人"
"A0654",1155,1,"鳳凰女"
"A0655",725,1,"鳳凰女"
"A0656",1003,1,"小丑女"
"A0657",1145,1,"小丑女"
"A0658",1119,1,"鋼鐵人"
"A0659",1090,1,"鋼鐵人"
"A0660",922,1,"鋼鐵人"
"A0662",1117,1,"鳳凰女"
"A0663",1011,1,"小丑女"
"A0664",848,1,"小丑女"
"A0665",995,1,"小丑女"
"A0666",890,1,"鋼鐵人"
"A0667",1495,3,"鋼鐵人"
"A0668",631,1,"鋼鐵人"
"A0669",746,1,"鳳凰女"
"A0670",727,1,"小丑女"
"A0671",964,1,"小丑女"
"A0672",1253,1,"鋼鐵人"
"A0673",792,1,"鳳凰女"
"A0674",703,1,"鳳凰女"
"A0675",692,1,"鳳凰女"
"A0676",958,1,"小丑女"
"A0677",1154,1,"鳳凰女"
"A0678",776,1,"小丑女"
"A0679",1086,0,"鳳凰女"
"A0680",1063,1,"小丑女"
"A0681",1643,2,"小丑女"
"A0682",978,1,"小丑女"
"A0683",772,1,"鋼鐵人"
"A0686",1237,1,"小丑女"
"A0687",898,1,"小丑女"
"A0690",1060,1,"鳳凰女"
"A0691",872,1,"鳳凰女"
"A0692",1130,1,"鋼鐵人"
"A0693",840,1,"鳳凰女"
"A0694",647,1,"鳳凰女"
"A0695",941,1,"鳳凰女"
"A0696",843,1,"小丑女"
"A0697",1027,1,"小丑女"
"A0698",1197,1,"鋼鐵人"
"A0699",1102,1,"鋼鐵人"
"A0700",425,1,"鋼鐵人"
"A0701",1055,1,"鳳凰女"
"A0702",1695,2,"鳳凰女"
"A0703",618,1,"鳳凰女"
"A0704",1133,1,"鋼鐵人"
"A0705",1125,2,"鋼鐵人"
"A0706",725,1,"鋼鐵人"
"A0707",944,1,"小丑女"
"A0708",948,1,"小丑女"
"A0709",908,1,"鋼鐵人"
"A0710",643,1,"其他"
"A0711",876,3,"鳳凰女"
"A0712",721,1,"鳳凰女"
"A0713",1047,1,"小丑女"
"A0715",846,1,"貓女"
"A0716",734,1,"鳳凰女"
"A0717",889,1,"鳳凰女"
"A0718",913,1,"鳳凰女"
"A0719",906,1,"鋼鐵人"
"A0720",1032,1,"鋼鐵人"
"A0721",946,1,"鋼鐵人"
"A0722",818,1,"鋼鐵人"
"A0723",943,1,"鋼鐵人"
"A0724",893,1,"貓女"
"A0725",1043,1,"小丑女"
"A0726",859,1,"小丑女"
"A0727",686,1,"小丑女"
"A0728",872,1,"鳳凰女"
"A0729",650,1,"鳳凰女"
"A0730",797,1,"貓女"
"A0731",839,1,"貓女"
"A0732",1016,1,"鋼鐵人"
"A0733",593,1,"鋼鐵人"
"A0734",950,2,"鳳凰女"
"A0735",774,1,"鳳凰女"
"A0736",1400,1,"小丑女"
"A0737",981,1,"小丑女"
"A0738",1051,1,"小丑女"
"A0739",952,1,"鳳凰女"
"A0740",883,1,"鳳凰女"
"A0741",1186,1,"鋼鐵人"
"A0742",1469,5,"鋼鐵人"
"A0743",794,1,"鋼鐵人"
"A0745",844,1,"貓女"
"A0746",1115,1,"貓女"
"A0747",924,1,"小丑女"
"A0749",684,1,"鳳凰女"
"A0750",1062,1,"鳳凰女"
"A0751",553,1,"貓女"
"A0752",980,1,"貓女"
"A0753",995,1,"鋼鐵人"
"A0754",1749,2,"小丑女"
"A0755",871,1,"小丑女"
"A0756",814,1,"貓女"
"A0757",721,1,"貓女"
"A0758",1106,1,"鳳凰女"
"A0759",1109,1,"鳳凰女"
"A0760",1092,1,"鋼鐵人"
"A0761",1064,2,"鋼鐵人"
"A0763",698,1,"鳳凰女"
"A0764",1067,1,"小丑女"
"A0765",979,1,"小丑女"
"A0766",520,1,"貓女"
"A0767",1084,1,"鳳凰女"
"A0768",703,1,"貓女"
"A0769",883,1,"貓女"
"A0770",1079,1,"小丑女"
"A0771",972,1,"鋼鐵人"
"A0772",924,2,"鋼鐵人"
"A0773",805,1,"貓女"
"A0775",1009,1,"小丑女"
"A0776",893,1,"小丑女"
"A0777",860,1,"小丑女"
"A0778",955,1,"貓女"
"A0779",864,1,"貓女"
"A0780",1014,1,"其他"
"A0781",916,1,"鋼鐵人"
"A0782",918,1,"鋼鐵人"
"A0783",886,1,"鋼鐵人"
"A0784",929,1,"貓女"
"A0785",1003,1,"小丑女"
"A0786",928,1,"小丑女"
"A0787",1004,1,"貓女"
"A0788",561,1,"貓女"
"A0789",894,1,"貓女"
"A0790",1657,2,"鳳凰女"
"A0791",808,1,"鋼鐵人"
"A0792",1111,1,"鋼鐵人"
"A0793",1394,1,"小丑女"
"A0794",630,1,"鳳凰女"
"A0795",638,1,"鳳凰女"
"A0796",589,1,"鳳凰女"
"A0797",1802,2,"鋼鐵人"
"A0798",634,1,"貓女"
"A0799",1044,1,"小丑女"
"A0800",515,1,"小丑女"
"A0801",911,1,"鋼鐵人"
"A0802",681,1,"貓女"
"A0803",640,1,"小丑女"
"A0804",596,1,"鳳凰女"
"A0807",861,1,"鋼鐵人"
"A0808",710,1,"鋼鐵人"
"A0809",646,1,"鳳凰女"
"A0810",588,1,"鳳凰女"
"A0811",685,1,"貓女"
"A0812",1241,2,"小丑女"
"A0813",638,1,"小丑女"
"A0814",981,1,"鋼鐵人"
"A0815",698,1,"貓女"
"A0816",824,1,"鳳凰女"
"A0817",987,1,"小丑女"
"A0818",985,1,"鋼鐵人"
"A0819",738,1,"鳳凰女"
"A0820",698,1,"鳳凰女"
"A0821",619,1,"貓女"
"A0822",871,1,"鳳凰女"
"A0823",667,1,"鳳凰女"
"A0824",828,1,"鋼鐵人"
"A0826",695,1,"小丑女"
"A0827",700,1,"貓女"
"A0829",808,1,"鳳凰女"
"A0830",956,1,"鋼鐵人"
"A0831",1002,1,"鋼鐵人"
"A0832",616,1,"貓女"
"A0833",751,1,"小丑女"
"A0834",917,1,"鋼鐵人"
"A0835",932,1,"貓女"
"A0836",827,1,"鋼鐵人"
"A0837",851,1,"小丑女"
"A0838",960,1,"小丑女"
"A0839",896,1,"貓女"
"A0840",957,1,"鋼鐵人"
"A0841",1021,1,"小丑女"
"A0842",797,1,"小丑女"
"A0845",857,1,"鳳凰女"
"A0846",762,1,"鳳凰女"
"A0847",856,1,"其他"
"A0848",1113,1,"鋼鐵人"
"A0849",750,1,"貓女"
"A0850",990,1,"貓女"
"A0851",1005,1,"小丑女"
"A0852",892,1,"鋼鐵人"
"A0853",795,1,"鋼鐵人"
"A0855",759,1,"小丑女"
"A0856",869,1,"鳳凰女"
"A0857",443,1,"鳳凰女"
"A0859",822,1,"貓女"
"A0860",1394,1,"鳳凰女"
"A0861",818,1,"貓女"
"A0862",836,1,"小丑女"
"A0863",906,1,"小丑女"
"A0864",829,1,"貓女"
"A0865",614,1,"鳳凰女"
"A0866",848,1,"小丑女"
"A0867",894,1,"鳳凰女"
"A0868",1051,1,"鋼鐵人"
"A0870",928,1,"貓女"
"A0871",720,1,"鳳凰女"
"A0872",771,1,"小丑女"
"A0874",979,1,"鋼鐵人"
"A0875",902,1,"貓女"
"A0876",871,1,"鳳凰女"
"A0877",1004,1,"其他"
"A0878",758,1,"鳳凰女"
"A0879",963,1,"小丑女"
"A0880",900,1,"貓女"
"A0881",886,1,"鋼鐵人"
"A0882",691,1,"鳳凰女"
"A0883",981,1,"小丑女"
"A0884",862,1,"小丑女"
"A0885",725,1,"貓女"
"A0886",631,1,"鳳凰女"
"A0887",813,1,"鳳凰女"
"A0888",600,1,"小丑女"
"A0889",821,1,"小丑女"
"A0890",902,1,"鋼鐵人"
"A0891",732,1,"鋼鐵人"
"A0893",978,1,"鳳凰女"
"A0894",1202,2,"小丑女"
"A0895",888,1,"鋼鐵人"
"A0896",734,1,"鋼鐵人"
"A0897",883,1,"鳳凰女"
"A0898",591,1,"鳳凰女"
"A0899",745,1,"貓女"
"A0900",597,1,"貓女"
"A0901",892,2,"鋼鐵人"
"A0902",911,1,"小丑女"
"A0903",619,1,"鳳凰女"
"A0904",840,1,"貓女"
"A0905",860,1,"貓女"
"A0906",650,1,"鳳凰女"
"A0907",1619,2,"鋼鐵人"
"A0908",819,1,"小丑女"
"A0909",906,1,"貓女"
"A0910",1057,1,"小丑女"
"A0911",805,1,"貓女"
"A0912",1000,1,"鳳凰女"
"A0913",1281,1,"鋼鐵人"
"A0914",1139,1,"鳳凰女"
"A0915",899,1,"貓女"
"A0916",913,1,"小丑女"
"A0918",865,1,"鳳凰女"
"A0919",1595,3,"鳳凰女"
"A0920",822,1,"貓女"
"A0921",780,1,"鋼鐵人"
"A0922",809,1,"鋼鐵人"
"A0923",867,1,"鋼鐵人"
"A0924",905,1,"鋼鐵人"
"A0925",880,1,"貓女"
"A0926",910,1,"鳳凰女"
"A0927",933,1,"鳳凰女"
"A0928",630,1,"貓女"
"A0929",667,1,"鳳凰女"
"A0930",871,1,"鋼鐵人"
"A0931",663,1,"鳳凰女"
"A0932",646,1,"鳳凰女"
"A0933",800,1,"貓女"
"A0934",705,1,"貓女"
"A0936",575,1,"鋼鐵人"
"A0938",774,1,"鋼鐵人"
"A0939",656,1,"小丑女"
"A0940",710,1,"貓女"
"A0941",762,1,"鳳凰女"
"A0942",785,1,"貓女"
"A0943",889,1,"貓女"
"A0944",855,1,"鳳凰女"
"A0945",714,1,"鳳凰女"
"A0946",854,2,"鋼鐵人"
"A0948",893,1,"貓女"
"A0949",1198,1,"鋼鐵人"
"A0950",911,1,"小丑女"
"A0951",763,1,"鳳凰女"
"A0952",837,1,"鳳凰女"
"A0953",627,1,"貓女"
"A0954",867,1,"貓女"
"A0955",757,1,"鳳凰女"
"A0956",872,1,"鳳凰女"
"A0957",1041,1,"鋼鐵人"
"A0959",981,1,"小丑女"
"A0960",870,1,"小丑女"
"A0961",778,1,"鳳凰女"
"A0962",844,1,"鳳凰女"
"A0963",755,1,"貓女"
"A0964",772,1,"貓女"
"A0965",861,1,"小丑女"
"A0966",822,1,"小丑女"
"A0967",947,2,"鋼鐵人"
"A0968",688,1,"鋼鐵人"
"A0969",692,1,"鳳凰女"
"A0970",816,1,"小丑女"
"A0971",823,1,"貓女"
"A0972",734,1,"小丑女"
"A0973",656,1,"貓女"
"A0975",957,1,"鋼鐵人"
"A0976",947,1,"鋼鐵人"
"A0977",721,1,"鳳凰女"
"A0978",911,1,"小丑女"
"A0979",1237,1,"鋼鐵人"
"A0980",780,1,"鋼鐵人"
"A0981",709,1,"鳳凰女"
"A0982",511,1,"鳳凰女"
"A0983",910,1,"貓女"
"A0984",697,1,"貓女"
"A0986",843,1,"鳳凰女"
"A0987",681,1,"鋼鐵人"
"A0988",862,1,"小丑女"
"A0989",877,1,"鋼鐵人"
"A0990",782,1,"鳳凰女"
"A0992",969,1,"美國隊長"
"A0993",926,1,"鳳凰女"
"A0994",1003,1,"鳳凰女"
"A0995",851,1,"小丑女"
"A0996",893,1,"小丑女"
"A0997",902,1,"鋼鐵人"
"A0998",829,1,"美國隊長"
"A0999",785,1,"鳳凰女"
"A1000",994,1,"鳳凰女"
"A1001",776,1,"小丑女"
"A1003",960,1,"美國隊長"
"A1005",925,1,"暴風女"
"A1006",707,1,"鋼鐵人"
"A1007",1119,1,"暴風女"
"A1008",668,1,"美國隊長"
"A1009",1113,1,"鋼鐵人"
"A1010",851,1,"鋼鐵人"
"A1011",821,1,"鳳凰女"
"A1012",869,1,"鳳凰女"
"A1013",895,1,"鳳凰女"
"A1014",1231,1,"暴風女"
"A1015",1324,2,"暴風女"
"A1016",801,1,"美國隊長"
"A1017",1017,1,"鋼鐵人"
"A1018",781,1,"鳳凰女"
"A1019",1213,1,"暴風女"
"A1021",1276,1,"暴風女"
"A1022",879,1,"鋼鐵人"
"A1023",729,1,"小丑女"
"A1024",745,1,"小丑女"
"A1028",1131,2,"暴風女"
"A1029",997,1,"鋼鐵人"
"A1030",657,1,"鋼鐵人"
"A1031",921,1,"小丑女"
"A1033",818,1,"鋼鐵人"
"A1034",1000,1,"美國隊長"
"A1035",944,1,"暴風女"
"A1036",925,1,"鋼鐵人"
"A1037",908,1,"暴風女"
"A1038",999,1,"暴風女"
"A1039",792,1,"鋼鐵人"
"A1040",875,1,"鋼鐵人"
"A1041",1052,1,"美國隊長"
"A1042",975,1,"小丑女"
"A1043",1488,1,"暴風女"
"A1044",806,1,"鋼鐵人"
"A1045",1120,1,"鋼鐵人"
"A1046",967,2,"美國隊長"
"A1047",832,1,"美國隊長"
"A1048",878,1,"小丑女"
"A1049",889,1,"小丑女"
"A1050",1015,1,"美國隊長"
"A1051",836,1,"暴風女"
"A1053",696,1,"小丑女"
"A1054",584,1,"小丑女"
"A1055",994,1,"暴風女"
"A1058",1073,1,"美國隊長"
"A1059",874,1,"鋼鐵人"
"A1060",1172,1,"鋼鐵人"
"A1061",805,1,"鋼鐵人"
"A1062",1013,1,"暴風女"
"A1063",854,1,"美國隊長"
"A1064",970,1,"鋼鐵人"
"A1065",854,1,"鋼鐵人"
"A1066",988,1,"小丑女"
"A1067",797,1,"小丑女"
"A1069",1038,1,"美國隊長"
"A1070",923,1,"暴風女"
"A1071",730,1,"鋼鐵人"
"A1072",996,1,"美國隊長"
"A1073",900,1,"暴風女"
"A1074",929,1,"鋼鐵人"
"A1075",924,1,"鋼鐵人"
"A1077",803,1,"美國隊長"
"A1078",733,1,"鋼鐵人"
"A1079",695,1,"鋼鐵人"
"A1080",902,1,"暴風女"
"A1081",789,1,"暴風女"
"A1083",957,1,"鋼鐵人"
"A1084",907,1,"美國隊長"
"A1085",827,1,"暴風女"
"A1086",884,1,"美國隊長"
"A1087",780,1,"鋼鐵人"
"A1088",883,1,"鋼鐵人"
"A1089",810,1,"鳳凰女"
"A1090",1157,1,"鋼鐵人"
"A1091",897,1,"鋼鐵人"
"A1093",811,1,"美國隊長"
"A1094",973,1,"暴風女"
"A1095",681,1,"鳳凰女"
"A1096",863,1,"美國隊長"
"A1097",787,1,"暴風女"
"A1098",928,1,"鋼鐵人"
"A1099",991,1,"暴風女"
"A1100",989,1,"鋼鐵人"
"A1101",1012,1,"鋼鐵人"
"A1102",737,1,"暴風女"
"A1103",859,1,"暴風女"
"A1104",854,1,"美國隊長"
"A1105",671,2,"鳳凰女"
"A1106",944,1,"美國隊長"
"A1107",1052,1,"暴風女"
"A1108",909,1,"鋼鐵人"
"A1109",756,1,"美國隊長"
"A1110",825,1,"美國隊長"
"A1111",935,1,"鋼鐵人"
"A1112",605,1,"暴風女"
"A1113",805,1,"暴風女"
"A1114",852,1,"暴風女"
"A1115",977,1,"鋼鐵人"
"A1116",849,1,"美國隊長"
"A1117",1055,1,"鋼鐵人"
"A1118",806,1,"暴風女"
"A1120",949,1,"鋼鐵人"
"A1121",658,1,"鋼鐵人"
"A1122",850,1,"美國隊長"
"A1123",828,1,"美國隊長"
"A1125",774,1,"暴風女"
"A1126",822,1,"美國隊長"
"A1127",608,1,"暴風女"
"A1128",782,1,"暴風女"
"A1129",827,1,"鋼鐵人"
"A1130",778,1,"鋼鐵人"
"A1131",806,1,"美國隊長"
"A1132",705,1,"美國隊長"
"A1133",915,1,"白皇后"
"A1134",657,1,"暴風女"
"A1135",774,1,"鋼鐵人"
"A1136",896,1,"美國隊長"
"A1138",885,1,"鋼鐵人"
"A1139",1016,1,"鋼鐵人"
"A1141",910,1,"鋼鐵人"
"A1142",840,1,"暴風女"
"A1143",701,1,"白皇后"
"A1144",928,1,"美國隊長"
"A1145",982,1,"暴風女"
"A1146",726,1,"暴風女"
"A1147",718,1,"美國隊長"
"A1148",1408,1,"鋼鐵人"
"A1149",907,1,"鋼鐵人"
"A1150",821,1,"美國隊長"
"A1151",938,1,"美國隊長"
"A1152",724,1,"白皇后"
"A1153",778,1,"暴風女"
"A1154",735,1,"暴風女"
"A1155",779,1,"白皇后"
"A1156",782,1,"白皇后"
"A1157",873,1,"暴風女"
"A1158",724,1,"暴風女"
"A1159",826,1,"鋼鐵人"
"A1160",746,1,"鋼鐵人"
"A1161",780,1,"美國隊長"
"A1162",855,1,"美國隊長"
"A1163",862,1,"鋼鐵人"
"A1164",595,1,"鋼鐵人"
"A1165",826,1,"美國隊長"
"A1166",885,1,"美國隊長"
"A1167",682,1,"鋼鐵人"
"A1168",664,1,"鋼鐵人"
"A1169",703,1,"白皇后"
"A1171",860,1,"暴風女"
"A1173",785,1,"鋼鐵人"
"A1174",713,1,"鋼鐵人"
"A1175",813,1,"白皇后"
"A1176",841,1,"暴風女"
"A1177",864,1,"白皇后"
"A1178",825,1,"美國隊長"
"A1179",852,1,"鋼鐵人"
"A1180",678,1,"暴風女"
"A1181",801,1,"鋼鐵人"
"A1182",896,1,"白皇后"
"A1183",862,1,"美國隊長"
"A1184",925,1,"暴風女"
"A1185",752,1,"白皇后"
"A1186",939,1,"美國隊長"
"A1187",623,1,"白皇后"
"A1189",763,1,"暴風女"
"A1190",558,1,"暴風女"
"A1192",742,1,"鋼鐵人"
"A1193",1077,1,"美國隊長"
"A1194",716,1,"鋼鐵人"
"A1195",795,1,"鋼鐵人"
"A1196",850,1,"暴風女"
"A1197",698,1,"美國隊長"
"A1199",942,1,"暴風女"
"A1200",780,1,"鋼鐵人"
"A1201",744,1,"鋼鐵人"
"A1203",1045,1,"鋼鐵人"
"A1204",1663,6,"美國隊長"
"A1205",850,1,"鳳凰女"
"A1206",912,1,"暴風女"
"A1208",832,1,"美國隊長"
"A1209",912,1,"鋼鐵人"
"A1210",720,1,"鋼鐵人"
"A1212",941,1,"暴風女"
"A1213",828,1,"暴風女"
"A1214",1823,4,"其他"
"A1215",917,1,"白皇后"
"A1216",866,1,"白皇后"
"A1217",851,1,"美國隊長"
"A1218",1061,1,"美國隊長"
"A1219",1019,1,"美國隊長"
"A1220",892,1,"鋼鐵人"
"A1221",734,1,"鋼鐵人"
"A1223",871,1,"暴風女"
"A1224",814,1,"暴風女"
"A1225",806,1,"美國隊長"
"A1226",778,1,"美國隊長"
"A1227",865,1,"鋼鐵人"
"A1228",844,1,"鋼鐵人"
"A1231",834,1,"暴風女"
"A1232",641,1,"暴風女"
"A1233",975,1,"鋼鐵人"
"A1234",788,1,"鋼鐵人"
"A1235",871,1,"白皇后"
"A1236",798,1,"白皇后"
"A1237",877,1,"美國隊長"
"A1238",900,2,"美國隊長"
"A1239",879,1,"美國隊長"
"A1240",731,1,"美國隊長"
"A1241",762,1,"暴風女"
"A1242",720,1,"暴風女"
"A1243",863,1,"鋼鐵人"
"A1244",968,1,"鋼鐵人"
"A1245",860,1,"暴風女"
"A1246",755,1,"鋼鐵人"
"A1247",740,1,"鋼鐵人"
"A1248",1246,3,"美國隊長"
"A1249",829,1,"白皇后"
"A1250",842,1,"暴風女"
"A1251",731,1,"暴風女"
"A1252",685,1,"鋼鐵人"
"A1253",664,1,"鋼鐵人"
"A1254",919,1,"鋼鐵人"
"A1255",864,1,"白皇后"
"A1256",914,1,"美國隊長"
"A1257",838,1,"美國隊長"
"A1258",869,1,"暴風女"
"A1259",935,2,"白皇后"
"A1260",593,1,"白皇后"
"A1261",971,1,"鋼鐵人"
"A1262",802,1,"鋼鐵人"
"A1263",884,1,"美國隊長"
"A1264",1371,2,"鋼鐵人"
"A1265",1023,2,"暴風女"
"A1266",866,1,"白皇后"
"A1267",843,1,"美國隊長"
"A1268",810,1,"暴風女"
"A1269",914,2,"美國隊長"
"A1270",798,1,"暴風女"
"A1271",902,1,"白皇后"
"A1272",825,1,"暴風女"
"A1273",729,1,"白皇后"
"A1274",1022,1,"白皇后"
"A1275",652,1,"美國隊長"
"A1276",713,1,"暴風女"
"A1277",858,1,"鋼鐵人"
"A1278",852,1,"白皇后"
"A1279",906,1,"美國隊長"
"A1283",798,1,"暴風女"
"A1284",841,1,"鋼鐵人"
"A1285",885,1,"鋼鐵人"
"A1286",787,1,"美國隊長"
"A1287",798,1,"美國隊長"
"A1288",874,1,"白皇后"
"A1289",952,1,"暴風女"
"A1290",551,1,"鋼鐵人"
"A1291",918,1,"鋼鐵人"
"A1292",832,1,"美國隊長"
"A1293",1335,1,"美國隊長"
"A1295",763,1,"鋼鐵人"
"A1296",841,1,"暴風女"
"A1297",851,1,"美國隊長"
"A1298",894,1,"白皇后"
"A1299",731,1,"白皇后"
"A1300",889,1,"白皇后"
"A1302",850,1,"鋼鐵人"
"A1304",846,1,"暴風女"
"A1305",842,1,"美國隊長"
"A1306",783,1,"美國隊長"
"A1307",883,1,"鋼鐵人"
"A1308",971,1,"暴風女"
"A1309",878,1,"白皇后"
"A1310",1101,1,"美國隊長"
"A1312",717,1,"暴風女"
"A1313",853,2,"鋼鐵人"
"A1314",864,1,"白皇后"
"A1315",786,1,"美國隊長"
"A1318",805,1,"鋼鐵人"
"A1319",893,1,"鋼鐵人"
"A1320",859,1,"美國隊長"
"A1321",975,1,"美國隊長"
"A1322",891,1,"暴風女"
"A1323",915,1,"鋼鐵人"
"A1324",1106,2,"鋼鐵人"
"A1326",823,1,"白皇后"
"A1328",676,1,"美國隊長"
"A1329",722,1,"美國隊長"
"A1330",814,1,"鋼鐵人"
"A1331",778,1,"美國隊長"
"A1332",893,1,"美國隊長"
"A1333",765,1,"暴風女"
"A1334",926,1,"暴風女"
"A1335",897,1,"白皇后"
"A1336",750,1,"白皇后"
"A1337",829,1,"暴風女"
"A1338",761,1,"暴風女"
"A1339",701,1,"白皇后"
"A1340",820,1,"白皇后"
"A1341",965,1,"美國隊長"
"A1342",831,1,"美國隊長"
"A1343",680,1,"白皇后"
"A1344",843,1,"鋼鐵人"
"A1345",852,2,"鋼鐵人"
"A1346",868,1,"小丑女"
"A1347",780,1,"白皇后"
"A1348",602,1,"白皇后"
"A1349",835,1,"暴風女"
"A1350",1373,1,"暴風女"
"A1351",792,1,"鋼鐵人"
"A1353",969,1,"小丑女"
"A1354",959,1,"小丑女"
"A1355",664,1,"白皇后"
"A1357",804,1,"暴風女"
"A1358",733,2,"暴風女"
"A1359",836,1,"美國隊長"
"A1360",845,1,"鋼鐵人"
"A1361",863,1,"鋼鐵人"
"A1362",768,1,"美國隊長"
"A1363",875,3,"暴風女"
"A1364",927,2,"鋼鐵人"
"A1365",801,1,"鋼鐵人"
"A1366",724,1,"美國隊長"
"A1367",1015,1,"美國隊長"
"A1368",761,1,"白皇后"
"A1369",752,1,"白皇后"
"A1370",859,1,"暴風女"
"A1371",759,1,"鋼鐵人"
"A1372",815,1,"美國隊長"
"A1373",979,1,"美國隊長"
"A1374",854,1,"暴風女"
"A1375",947,1,"暴風女"
"A1376",773,1,"白皇后"
"A1377",922,1,"白皇后"
"A1378",743,1,"白皇后"
"A1379",712,1,"暴風女"
"A1380",759,1,"鋼鐵人"
"A1381",935,1,"白皇后"
"A1382",842,1,"美國隊長"
"A1383",975,2,"暴風女"
"A1385",862,1,"白皇后"
"A1386",708,1,"暴風女"
"A1387",853,1,"暴風女"
"A1388",1364,1,"鋼鐵人"
"A1389",725,1,"美國隊長"
"A1390",1002,1,"美國隊長"
"A1391",1027,2,"鋼鐵人"
"A1392",958,1,"鋼鐵人"
"A1393",1008,1,"暴風女"
"A1394",751,1,"美國隊長"
"A1395",1131,1,"鋼鐵人"
"A1396",856,1,"白皇后"
"A1397",1775,3,"鋼鐵人"
"A1398",833,1,"美國隊長"
"A1399",1009,1,"美國隊長"
"A1400",795,1,"鋼鐵人"
"A1401",774,1,"暴風女"
"A1402",912,1,"暴風女"
"A1403",870,1,"白皇后"
"A1404",1084,2,"暴風女"
"A1405",807,1,"暴風女"
"A1406",1020,1,"鋼鐵人"
"A1407",1071,2,"鋼鐵人"
"A1408",787,1,"美國隊長"
"A1409",899,1,"美國隊長"
"A1410",898,1,"白皇后"
"A1411",893,3,"鋼鐵人"
"A1412",1051,1,"鋼鐵人"
"A1413",1015,1,"鋼鐵人"
"A1414",745,1,"暴風女"
"A1415",904,1,"暴風女"
"A1416",967,1,"美國隊長"
"A1417",793,1,"美國隊長"
"A1418",858,1,"白皇后"
"A1419",786,1,"白皇后"
"A1420",858,1,"暴風女"
"A1421",915,1,"暴風女"
"A1422",881,1,"鋼鐵人"
"A1423",1277,3,"鋼鐵人"
"A1424",768,1,"白皇后"
"A1425",943,1,"美國隊長"
"A1426",949,1,"美國隊長"
"A1427",910,1,"鳳凰女"
"A1428",784,1,"美國隊長"
"A1429",863,1,"暴風女"
"A1430",795,1,"鳳凰女"
"A1431",1009,3,"鳳凰女"
"A1432",926,1,"鋼鐵人"
"A1433",893,1,"鋼鐵人"
"A1434",1180,3,"暴風女"
"A1435",1134,2,"暴風女"
"A1436",796,1,"美國隊長"
"A1437",960,1,"美國隊長"
"A1438",963,1,"鳳凰女"
"A1439",737,1,"鳳凰女"
"A1440",939,1,"暴風女"
"A1441",977,1,"美國隊長"
"A1442",1035,2,"鋼鐵人"
"A1443",807,1,"鳳凰女"
"A1445",901,2,"鳳凰女"
"A1446",913,2,"暴風女"
"A1447",820,1,"美國隊長"
"A1448",1271,3,"鋼鐵人"
"A1449",1095,1,"美國隊長"
"A1450",857,1,"美國隊長"
"A1451",970,1,"暴風女"
"A1452",960,1,"暴風女"
"A1453",1005,1,"鋼鐵人"
"A1454",1032,2,"鋼鐵人"
"A1455",770,1,"鳳凰女"
"A1456",741,1,"鳳凰女"
"A1457",1078,1,"暴風女"
"A1458",837,2,"暴風女"
"A1459",929,2,"鳳凰女"
"A1460",921,1,"鳳凰女"
"A1461",968,1,"鋼鐵人"
"A1462",1087,1,"鋼鐵人"
"A1463",957,3,"鋼鐵人"
"A1464",1003,1,"美國隊長"
"A1465",934,1,"美國隊長"
"A1466",944,1,"暴風女"
"A1467",816,1,"鳳凰女"
"A1468",1107,2,"鋼鐵人"
"A1469",NA,NA,"其他"
"A1470",871,1,"暴風女"
"A1471",979,1,"美國隊長"
"A1472",933,1,"美國隊長"
"A1473",951,1,"鳳凰女"
"A1474",860,1,"鳳凰女"
"A1475",NA,NA,"其他"
"A1476",962,1,"美國隊長"
"A1477",1140,1,"暴風女"
"A1478",830,1,"暴風女"
"A1479",897,1,"鳳凰女"
"A1480",862,1,"鳳凰女"
"A1481",971,2,"鋼鐵人"
"A1482",1077,2,"暴風女"
"A1483",925,2,"美國隊長"
"A1484",930,1,"鳳凰女"
"A1485",1004,1,"暴風女"
"A1486",1031,1,"暴風女"
"A1487",959,1,"鋼鐵人"
"A1488",1063,1,"美國隊長"
"A1489",986,1,"美國隊長"
"A1490",957,2,"鳳凰女"
"A1491",1306,2,"鋼鐵人"
"A1492",1128,1,"美國隊長"
"A1493",1032,2,"美國隊長"
"A1494",907,2,"暴風女"
"A1495",1108,1,"暴風女"
"A1496",1196,1,"鳳凰女"
"A1497",828,1,"鋼鐵人"
"A1498",960,1,"鋼鐵人"
"A1499",914,2,"暴風女"
"A1500",969,1,"暴風女"
"A1501",1123,1,"美國隊長"
"A1502",890,2,"鳳凰女"
"A1503",1005,1,"暴風女"
"A1504",1045,2,"美國隊長"
"A1505",923,2,"美國隊長"
"A1506",1280,1,"鳳凰女"
"A1507",924,1,"鳳凰女"
"A1508",935,2,"美國隊長"
"A1509",1096,2,"美國隊長"
"A1510",925,1,"暴風女"
"A1511",1019,1,"暴風女"
"A1512",959,1,"鳳凰女"
"A1513",902,2,"鳳凰女"
"A1514",974,1,"鋼鐵人"
"A1515",963,1,"鋼鐵人"
"A1516",1060,2,"美國隊長"
"A1517",1054,2,"美國隊長"
"A1518",976,1,"暴風女"
"A1519",1005,1,"暴風女"
"A1520",978,2,"鋼鐵人"
"A1521",890,1,"鋼鐵人"
"A1522",823,1,"鳳凰女"
"A1523",1743,3,"鳳凰女"
"A1524",803,2,"鳳凰女"
"A1525",1058,1,"美國隊長"
"A1526",978,2,"鋼鐵人"
"A1527",1050,2,"暴風女"
"A1528",893,1,"鳳凰女"
"A1529",953,1,"美國隊長"
"A1530",953,2,"暴風女"
"A1531",1110,1,"鋼鐵人"
"A1532",1073,1,"暴風女"
"A1534",1104,2,"美國隊長"
"A1535",1035,2,"鋼鐵人"
"A1536",1051,1,"鳳凰女"
"A1537",919,2,"鳳凰女"
"A1538",982,1,"暴風女"
"A1539",815,2,"鋼鐵人"
"A1540",921,2,"鳳凰女"
"A1541",979,2,"暴風女"
"A1542",822,2,"暴風女"
"A1543",996,1,"鋼鐵人"
"A1544",839,3,"鋼鐵人"
"A1545",918,2,"鳳凰女"
"A1546",909,3,"鳳凰女"
"A1548",848,2,"白皇后"
"A1549",800,2,"暴風女"
"A1550",664,1,"暴風女"
"A1551",964,2,"白皇后"
"A1552",708,2,"白皇后"
"A1553",873,2,"鳳凰女"
"A1554",811,2,"鳳凰女"
"A1555",832,3,"鋼鐵人"
"A1556",884,2,"鋼鐵人"
"A1557",897,2,"美國隊長"
"A1558",804,2,"鋼鐵人"
"A1559",1156,2,"暴風女"
"A1560",935,1,"鳳凰女"
"A1561",895,2,"鳳凰女"
"A1562",889,3,"美國隊長"
"A1563",862,1,"鳳凰女"
"A1564",904,2,"鳳凰女"
"A1565",968,1,"鋼鐵人"
"A1566",731,2,"鋼鐵人"
"A1567",775,2,"鋼鐵人"
"A1568",948,3,"白皇后"
"A1569",904,1,"白皇后"
"A1570",916,2,"鳳凰女"
"A1571",884,2,"鳳凰女"
"A1572",866,2,"白皇后"
"A1573",830,2,"白皇后"
"A1574",1508,4,"鋼鐵人"
"A1575",1281,2,"鋼鐵人"
"A1576",1044,2,"鋼鐵人"
"A1577",799,2,"鳳凰女"
"A1578",771,2,"鳳凰女"
"A1579",938,2,"白皇后"
"A1580",871,3,"鳳凰女"
"A1581",1800,3,"鋼鐵人"
"A1582",851,2,"鋼鐵人"
"A1583",789,2,"暴風女"
"A1584",1095,1,"暴風女"
"A1585",907,2,"白皇后"
"A1586",910,2,"白皇后"
"A1587",771,1,"美國隊長"
"A1588",992,2,"暴風女"
"A1589",918,2,"暴風女"
"A1590",808,1,"鳳凰女"
"A1591",930,2,"暴風女"
"A1592",779,2,"白皇后"
"A1593",909,2,"白皇后"
"A1594",790,2,"暴風女"
"A1595",1762,4,"鋼鐵人"
"A1596",837,2,"鋼鐵人"
"A1597",910,2,"鳳凰女"
"A1598",933,2,"鳳凰女"
"A1599",873,1,"白皇后"
"A1600",901,2,"白皇后"
"A1601",836,2,"白皇后"
"A1602",883,3,"鳳凰女"
"A1603",862,1,"鳳凰女"
"A1604",832,2,"暴風女"
"A1605",841,2,"白皇后"
"A1606",1009,1,"鋼鐵人"
"A1607",1003,3,"鋼鐵人"
"A1608",697,2,"白皇后"
"A1609",909,1,"暴風女"
"A1610",831,1,"暴風女"
"A1611",1322,2,"白皇后"
"A1612",976,2,"白皇后"
"A1613",904,2,"鳳凰女"
"A1614",753,2,"鳳凰女"
"A1615",749,1,"鋼鐵人"
"A1616",879,2,"鋼鐵人"
"A1618",957,1,"白皇后"
"A1619",952,1,"暴風女"
"A1620",818,2,"鳳凰女"
"A1621",794,1,"鳳凰女"
"A1622",1111,2,"鋼鐵人"
"A1623",933,1,"鳳凰女"
"A1624",909,2,"暴風女"
"A1625",929,1,"暴風女"
"A1626",949,1,"暴風女"
"A1627",981,1,"鋼鐵人"
"A1628",1245,4,"鋼鐵人"
"A1629",973,1,"鳳凰女"
"A1630",862,2,"鳳凰女"
"A1631",909,2,"白皇后"
"A1633",919,1,"暴風女"
"A1634",906,1,"暴風女"
"A1635",1010,1,"白皇后"
"A1636",739,1,"鳳凰女"
"A1637",964,1,"鳳凰女"
"A1638",908,2,"鋼鐵人"
"A1639",1240,4,"鋼鐵人"
"A1640",791,1,"白皇后"
"A1641",933,1,"白皇后"
"A1642",866,2,"鳳凰女"
"A1643",962,1,"鳳凰女"
"A1644",885,1,"暴風女"
"A1645",936,2,"鋼鐵人"
"A1646",981,1,"鋼鐵人"
"A1647",879,2,"鳳凰女"
"A1648",892,1,"鳳凰女"
"A1649",881,1,"白皇后"
"A1650",952,1,"鋼鐵人"
"A1651",904,2,"白皇后"
"A1652",1052,2,"白皇后"
"A1653",863,2,"鳳凰女"
"A1654",790,2,"鳳凰女"
"A1655",926,2,"美國隊長"
"A1656",899,1,"美國隊長"
"A1657",878,2,"鋼鐵人"
"A1658",911,1,"鋼鐵人"
"A1659",826,2,"美國隊長"
"A1660",1064,1,"美國隊長"
"A1661",1028,1,"白皇后"
"A1662",872,1,"白皇后"
"A1663",1038,2,"鋼鐵人"
"A1664",937,3,"鋼鐵人"
"A1665",992,2,"美國隊長"
"A1666",943,1,"鳳凰女"
"A1667",870,1,"鳳凰女"
"A1668",821,1,"白皇后"
"A1669",914,2,"鋼鐵人"
"A1670",1000,2,"鋼鐵人"
"A1671",974,2,"美國隊長"
"A1672",1014,2,"美國隊長"
"A1673",1616,3,"白皇后"
"A1675",911,2,"鋼鐵人"
"A1676",865,2,"鳳凰女"
"A1677",1465,3,"白皇后"
"A1678",857,2,"美國隊長"
"A1679",1003,1,"美國隊長"
"A1680",910,2,"鋼鐵人"
"A1681",881,2,"鋼鐵人"
"A1682",1004,3,"鋼鐵人"
"A1683",914,2,"鳳凰女"
"A1684",853,2,"鳳凰女"
"A1685",775,1,"白皇后"
"A1686",947,1,"白皇后"
"A1687",851,2,"美國隊長"
"A1688",878,2,"美國隊長"
"A1689",924,1,"鋼鐵人"
"A1690",1015,2,"白皇后"
"A1691",903,2,"白皇后"
"A1692",886,1,"鳳凰女"
"A1693",909,1,"鋼鐵人"
"A1694",811,2,"鋼鐵人"
"A1695",1283,2,"白皇后"
"A1696",915,2,"白皇后"
"A1697",895,2,"鳳凰女"
"A1698",1018,2,"美國隊長"
"A1699",860,2,"美國隊長"
"A1700",954,1,"白皇后"
"A1701",937,1,"白皇后"
"A1702",976,1,"鋼鐵人"
"A1703",932,1,"鋼鐵人"
"A1704",809,2,"鳳凰女"
"A1705",888,1,"鳳凰女"
"A1706",1113,2,"美國隊長"
"A1707",1038,1,"美國隊長"
"A1708",937,2,"鳳凰女"
"A1709",981,1,"鳳凰女"
"A1710",969,2,"鋼鐵人"
"A1711",948,1,"美國隊長"
"A1712",1042,1,"美國隊長"
"A1713",974,1,"鳳凰女"
"A1714",947,2,"鋼鐵人"
"A1715",1048,2,"鋼鐵人"
"A1716",897,2,"白皇后"
"A1717",1019,1,"美國隊長"
"A1718",907,2,"鳳凰女"
"A1719",991,1,"鳳凰女"
"A1720",1118,1,"鋼鐵人"
"A1721",1007,1,"鋼鐵人"
"A1722",966,2,"美國隊長"
"A1723",1205,2,"美國隊長"
"A1724",889,2,"白皇后"
"A1725",981,2,"白皇后"
"A1726",875,1,"鳳凰女"
"A1727",897,2,"鳳凰女"
"A1728",1050,1,"美國隊長"
"A1729",978,2,"鋼鐵人"
"A1730",1102,2,"美國隊長"
"A1731",1108,2,"鋼鐵人"
"A1732",986,2,"鋼鐵人"
"A1733",936,2,"鋼鐵人"
"A1734",1033,2,"美國隊長"
"A1735",1039,1,"美國隊長"
"A1736",1030,1,"鋼鐵人"
"A1738",955,2,"美國隊長"
"A1739",954,1,"美國隊長"
"A1740",1037,1,"白皇后"
"A1741",1051,2,"鋼鐵人"
"A1742",997,2,"鋼鐵人"
"A1743",944,1,"白皇后"
"A1744",902,2,"白皇后"
"A1745",871,1,"白皇后"
"A1747",1042,2,"美國隊長"
"A1748",1062,2,"鋼鐵人"
"A1749",1075,2,"鋼鐵人"
"A1750",1067,2,"白皇后"
"A1751",1091,1,"鋼鐵人"
"A1752",1156,1,"鋼鐵人"
"A1753",1059,1,"美國隊長"
"A1754",1114,1,"美國隊長"
"A1755",972,1,"美國隊長"
"A1756",865,2,"美國隊長"
"A1757",938,2,"鋼鐵人"
"A1758",1774,2,"鋼鐵人"
"A1759",1093,2,"白皇后"
"A1760",979,2,"白皇后"
"A1761",915,1,"白皇后"
"A1762",1022,2,"美國隊長"
"A1763",1083,2,"美國隊長"
"A1764",1246,3,"鋼鐵人"
"A1765",1067,2,"美國隊長"
"A1766",1011,2,"美國隊長"
"A1767",1023,1,"鋼鐵人"
"A1768",932,1,"鋼鐵人"
"A1769",987,2,"鋼鐵人"
"A1770",886,2,"白皇后"
"A1771",870,1,"白皇后"
"A1772",1004,2,"鋼鐵人"
"A1773",819,2,"鋼鐵人"
"A1774",955,1,"白皇后"
"A1775",970,2,"白皇后"
"A1776",870,2,"美國隊長"
"A1777",1086,2,"美國隊長"
"A1778",1046,1,"鋼鐵人"
"A1780",1000,2,"美國隊長"
"A1781",1813,2,"美國隊長"
"A1782",976,2,"白皇后"
"A1783",953,2,"美國隊長"
"A1784",996,2,"美國隊長"
"A1785",963,2,"白皇后"
"A1786",958,2,"白皇后"
"A1787",1845,3,"鋼鐵人"
"A1788",1613,3,"鋼鐵人"
"A1789",1050,2,"美國隊長"
"A1790",934,2,"美國隊長"
"A1791",856,1,"白皇后"
"A1792",1047,1,"鋼鐵人"
"A1793",1076,1,"鋼鐵人"
"A1794",1011,2,"鋼鐵人"
"A1795",960,1,"鋼鐵人"
"A1796",868,2,"美國隊長"
"A1797",1023,2,"美國隊長"
"A1798",1033,1,"白皇后"
"A1799",799,2,"白皇后"
"A1800",892,1,"白皇后"
"A1801",860,2,"白皇后"
"A1802",1076,1,"白皇后"
"A1803",1086,2,"美國隊長"
"A1804",1077,1,"美國隊長"
"A1805",1133,2,"鋼鐵人"
"A1806",855,2,"鋼鐵人"
"A1807",971,2,"鋼鐵人"
"A1808",1644,2,"鋼鐵人"
"A1809",1096,2,"美國隊長"
"A1810",1113,2,"美國隊長"
"A1811",942,2,"白皇后"
"A1812",1623,2,"白皇后"
"A1813",888,1,"白皇后"
"A1814",1009,1,"美國隊長"
"A1815",1112,1,"美國隊長"
"A1816",1062,2,"鋼鐵人"
"A1817",1185,3,"鋼鐵人"
"A1818",1039,1,"美國隊長"
"A1819",1044,2,"美國隊長"
"A1820",862,1,"鋼鐵人"
"A1821",944,1,"其他"
"A1822",953,1,"鋼鐵人"
"A1823",906,2,"鋼鐵人"
"A1824",1015,1,"白皇后"
"A1825",927,2,"白皇后"
"A1826",861,1,"美國隊長"
"A1827",1023,2,"美國隊長"
"A1828",1556,2,"鋼鐵人"
"A1829",1027,1,"鋼鐵人"
"A1830",941,2,"美國隊長"
"A1831",901,1,"美國隊長"
"A1832",1604,3,"白皇后"
"A1833",829,1,"白皇后"
"A1834",867,1,"美國隊長"
"A1835",867,1,"美國隊長"
"A1836",1653,3,"美國隊長"
"A1837",1086,1,"白皇后"
"A1838",756,1,"白皇后"
"A1839",1010,1,"鋼鐵人"
"A1840",930,1,"鋼鐵人"
"A1841",902,1,"白皇后"
"A1842",862,1,"白皇后"
"A1843",927,2,"鋼鐵人"
"A1844",777,1,"鋼鐵人"
"A1845",924,1,"鋼鐵人"
"A1846",894,1,"白皇后"
"A1847",731,1,"白皇后"
"A1848",998,1,"美國隊長"
"A1849",918,1,"美國隊長"
"A1850",891,2,"鋼鐵人"
"A1852",822,2,"鋼鐵人"
"A1854",877,2,"美國隊長"
"A1855",908,1,"白皇后"
"A1856",907,1,"白皇后"
"A1857",799,2,"美國隊長"
"A1858",932,1,"暴風女"
"A1859",900,1,"美國隊長"
"A1860",857,2,"白皇后"
"A1861",899,1,"白皇后"
"A1862",899,2,"美國隊長"
"A1863",945,1,"美國隊長"
"A1864",925,1,"白皇后"
"A1865",892,1,"白皇后"
"A1866",882,2,"鋼鐵人"
"A1867",901,2,"美國隊長"
"A1868",929,1,"美國隊長"
"A1869",835,1,"白皇后"
"A1870",1070,1,"白皇后"
"A1871",860,2,"鋼鐵人"
"A1872",953,1,"鋼鐵人"
"A1873",887,2,"鋼鐵人"
"A1874",916,2,"美國隊長"
"A1875",891,2,"美國隊長"
"A1876",1423,3,"白皇后"
"A1877",877,1,"白皇后"
"A1878",837,2,"暴風女"
"A1879",882,2,"鋼鐵人"
"A1880",946,1,"美國隊長"
"A1881",916,2,"美國隊長"
"A1882",818,2,"暴風女"
"A1883",813,2,"暴風女"
"A1884",867,2,"鋼鐵人"
"A1885",981,1,"鋼鐵人"
"A1886",819,2,"美國隊長"
"A1887",969,1,"美國隊長"
"A1888",884,1,"白皇后"
"A1889",905,2,"白皇后"
"A1890",945,1,"鋼鐵人"
"A1891",1043,1,"鋼鐵人"
"A1892",895,2,"暴風女"
"A1893",1691,2,"暴風女"
"A1894",899,1,"白皇后"
"A1895",878,1,"白皇后"
"A1896",939,1,"美國隊長"
"A1897",919,2,"美國隊長"
"A1898",825,2,"暴風女"
"A1899",936,2,"美國隊長"
"A1900",934,1,"鋼鐵人"
"A1901",821,2,"白皇后"
"A1902",904,2,"白皇后"
"A1903",831,2,"鋼鐵人"
"A1904",1226,4,"鋼鐵人"
"A1905",868,2,"白皇后"
"A1906",954,1,"白皇后"
"A1907",927,1,"美國隊長"
"A1908",894,2,"美國隊長"
"A1909",822,2,"暴風女"
"A1910",881,2,"鋼鐵人"
"A1911",862,1,"鋼鐵人"
"A1912",933,1,"美國隊長"
"A1913",1666,2,"鋼鐵人"
"A1914",962,1,"暴風女"
"A1916",908,2,"美國隊長"
"A1917",774,1,"白皇后"
"A1918",860,1,"白皇后"
"A1919",856,1,"白皇后"
"A1920",949,2,"鋼鐵人"
"A1921",895,2,"鋼鐵人"
"A1922",863,2,"暴風女"
"A1923",1081,1,"美國隊長"
"A1924",804,1,"美國隊長"
"A1925",782,1,"暴風女"
"A1926",892,1,"白皇后"
"A1927",924,1,"白皇后"
"A1928",743,2,"鋼鐵人"
"A1929",845,2,"鋼鐵人"
"A1930",876,2,"美國隊長"
"A1931",935,2,"美國隊長"
"A1932",909,2,"暴風女"
"A1933",881,1,"暴風女"
"A1934",958,2,"鋼鐵人"
"A1935",917,2,"鋼鐵人"
"A1936",908,2,"美國隊長"
"A1937",849,2,"白皇后"
"A1938",948,2,"暴風女"
"A1940",948,2,"美國隊長"
"A1941",875,1,"白皇后"
"A1942",854,1,"鋼鐵人"
"A1943",896,2,"鋼鐵人"
"A1944",946,1,"暴風女"
"A1945",915,1,"美國隊長"
"A1946",899,3,"美國隊長"
"A1947",798,1,"白皇后"
"A1948",884,2,"白皇后"
"A1949",934,1,"鋼鐵人"
"A1950",896,1,"鋼鐵人"
"A1951",861,1,"美國隊長"
"A1952",951,1,"暴風女"
"A1953",930,1,"鋼鐵人"
"A1954",902,2,"鋼鐵人"
"A1955",880,1,"白皇后"
"A1956",960,1,"白皇后"
"A1957",1033,2,"美國隊長"
"A1958",987,1,"美國隊長"
"A1959",810,2,"暴風女"
"A1960",794,1,"暴風女"
"A1961",882,2,"鋼鐵人"
"A1962",975,1,"鋼鐵人"
"A1963",949,2,"美國隊長"
"A1964",945,2,"鋼鐵人"
"A1965",963,1,"暴風女"
"A1966",975,1,"鋼鐵人"
"A1967",881,1,"白皇后"
"A1968",1033,1,"白皇后"
"A1969",950,1,"美國隊長"
"A1970",1139,1,"美國隊長"
"A1971",910,1,"白皇后"
"A1972",1770,2,"白皇后"
"A1973",860,1,"暴風女"
"A1974",806,2,"白皇后"
"A1975",1057,2,"鋼鐵人"
"A1976",1103,1,"美國隊長"
"A1977",897,2,"暴風女"
"A1978",928,1,"暴風女"
"A1979",986,1,"暴風女"
"A1980",837,2,"美國隊長"
"A1981",1548,4,"白皇后"
"A1982",864,2,"白皇后"
"A1983",875,2,"鋼鐵人"
"A1984",877,2,"美國隊長"
"A1985",949,2,"暴風女"
"A1986",900,1,"暴風女"
"A1987",788,2,"白皇后"
"A1988",776,1,"白皇后"
"A1989",924,2,"美國隊長"
"A1990",965,2,"美國隊長"
"A1991",943,2,"白皇后"
"A1992",855,1,"白皇后"
"A1993",917,1,"暴風女"
"A1994",1010,1,"暴風女"
"A1995",983,2,"美國隊長"
"A1996",917,2,"美國隊長"
"A1997",789,1,"白皇后"
"A1998",1667,3,"鋼鐵人"
"A1999",907,2,"暴風女"
"A2000",947,2,"鋼鐵人"
"A2001",791,2,"鋼鐵人"
"A2002",1030,1,"美國隊長"
"A2003",910,2,"美國隊長"
"A2004",1012,1,"暴風女"
"A2005",898,2,"白皇后"
"A2006",944,2,"白皇后"
"A2007",919,1,"美國隊長"
"A2008",894,1,"美國隊長"
"A2009",876,2,"暴風女"
"A2010",907,1,"鋼鐵人"
"A2011",1384,3,"鋼鐵人"
"A2012",948,2,"鋼鐵人"
"A2013",960,1,"美國隊長"
"A2015",1620,3,"暴風女"
"A2016",911,2,"暴風女"
"A2017",1444,3,"暴風女"
"A2018",848,1,"黑寡婦"
"A2019",1034,1,"鋼鐵人"
"A2020",963,2,"美國隊長"
"A2021",1008,1,"黑寡婦"
"A2022",974,1,"暴風女"
"A2023",809,2,"暴風女"
"A2024",1001,1,"鋼鐵人"
"A2025",1039,1,"鋼鐵人"
"A2026",920,2,"暴風女"
"A2027",887,1,"美國隊長"
"A2028",940,1,"美國隊長"
"A2029",839,2,"黑寡婦"
"A2030",1000,2,"鋼鐵人"
"A2031",1819,2,"美國隊長"
"A2032",979,2,"美國隊長"
"A2033",859,2,"暴風女"
"A2034",810,2,"黑寡婦"
"A2035",826,2,"鋼鐵人"
"A2036",1011,2,"鋼鐵人"
"A2037",933,2,"美國隊長"
"A2038",1055,1,"美國隊長"
"A2039",947,1,"白皇后"
"A2040",878,2,"黑寡婦"
"A2041",762,2,"鋼鐵人"
"A2042",1027,1,"鋼鐵人"
"A2043",1026,1,"鋼鐵人"
"A2044",965,1,"美國隊長"
"A2045",845,1,"暴風女"
"A2046",917,1,"暴風女"
"A2047",809,2,"黑寡婦"
"A2048",1043,1,"美國隊長"
"A2049",1031,2,"白皇后"
"A2050",1644,4,"鋼鐵人"
"A2051",1130,1,"美國隊長"
"A2052",991,1,"美國隊長"
"A2053",880,1,"鋼鐵人"
"A2054",915,1,"黑寡婦"
"A2055",868,2,"暴風女"
"A2056",837,1,"暴風女"
"A2057",923,2,"美國隊長"
"A2058",896,2,"美國隊長"
"A2059",874,1,"暴風女"
"A2060",909,1,"暴風女"
"A2061",879,2,"美國隊長"
"A2062",930,2,"鋼鐵人"
"A2063",1010,2,"黑寡婦"
"A2064",1085,1,"暴風女"
"A2065",1471,4,"鋼鐵人"
"A2066",932,1,"鋼鐵人"
"A2067",945,1,"美國隊長"
"A2068",894,1,"美國隊長"
"A2069",915,1,"暴風女"
"A2070",916,1,"暴風女"
"A2071",1567,3,"黑寡婦"
"A2072",863,2,"黑寡婦"
"A2073",1012,2,"美國隊長"
"A2074",1058,1,"美國隊長"
"A2075",910,2,"暴風女"
"A2076",881,1,"暴風女"
"A2077",922,1,"鋼鐵人"
"A2078",913,2,"鋼鐵人"
"A2079",917,1,"黑寡婦"
"A2080",1054,1,"美國隊長"
"A2081",906,1,"暴風女"
"A2082",1495,4,"鋼鐵人"
"A2083",790,2,"黑寡婦"
"A2084",964,2,"美國隊長"
"A2085",970,1,"黑寡婦"
"A2086",979,1,"暴風女"
"A2087",843,1,"暴風女"
"A2088",1021,1,"鋼鐵人"
"A2089",893,1,"美國隊長"
"A2090",1046,1,"美國隊長"
"A2091",863,2,"暴風女"
"A2092",818,1,"暴風女"
"A2093",901,1,"黑寡婦"
"A2094",834,2,"黑寡婦"
"A2095",1858,3,"鋼鐵人"
"A2096",1003,1,"鋼鐵人"
"A2098",995,1,"暴風女"
"A2099",911,1,"黑寡婦"
"A2100",1005,1,"鋼鐵人"
"A2101",1003,2,"美國隊長"
"A2102",883,2,"暴風女"
"A2103",868,1,"鋼鐵人"
"A2104",1024,1,"暴風女"
"A2105",956,1,"暴風女"
"A2106",1102,1,"黑寡婦"
"A2107",1011,1,"鋼鐵人"
"A2108",964,2,"美國隊長"
"A2109",986,1,"美國隊長"
"A2110",979,1,"鋼鐵人"
"A2111",887,1,"美國隊長"
"A2112",898,2,"美國隊長"
"A2113",1002,1,"鋼鐵人"
"A2114",971,1,"鋼鐵人"
"A2115",943,2,"暴風女"
"A2116",997,1,"暴風女"
"A2117",854,1,"黑寡婦"
"A2118",838,2,"美國隊長"
"A2119",918,1,"鋼鐵人"
"A2120",987,1,"暴風女"
"A2121",912,2,"黑寡婦"
"A2122",1115,1,"白皇后"
"A2123",917,1,"鋼鐵人"
"A2124",901,1,"暴風女"
"A2125",969,1,"黑寡婦"
"A2126",883,2,"美國隊長"
"A2127",892,2,"美國隊長"
"A2128",1010,1,"鋼鐵人"
"A2129",889,2,"其他"
"A2130",905,2,"鋼鐵人"
"A2131",947,1,"美國隊長"
"A2132",897,2,"美國隊長"
"A2133",775,2,"白皇后"
"A2134",837,2,"白皇后"
"A2135",848,2,"暴風女"
"A2136",910,1,"暴風女"
"A2137",1656,3,"鋼鐵人"
"A2138",901,2,"鋼鐵人"
"A2139",898,1,"美國隊長"
"A2140",941,1,"美國隊長"
"A2141",858,2,"白皇后"
"A2142",844,2,"暴風女"
"A2143",978,1,"白皇后"
"A2144",843,2,"鋼鐵人"
"A2145",936,2,"暴風女"
"A2146",1110,1,"美國隊長"
"A2147",908,2,"暴風女"
"A2148",881,2,"鋼鐵人"
"A2149",844,2,"美國隊長"
"A2150",889,2,"白皇后"
"A2151",861,1,"白皇后"
"A2152",925,1,"白皇后"
"A2153",956,1,"美國隊長"
"A2154",931,1,"鋼鐵人"
"A2155",808,2,"暴風女"
"A2156",893,2,"美國隊長"
"A2157",937,1,"白皇后"
"A2158",971,1,"暴風女"
"A2159",1722,3,"鋼鐵人"
"A2160",986,1,"鋼鐵人"
"A2161",1015,1,"黑寡婦"
"A2162",887,2,"鋼鐵人"
"A2163",925,2,"暴風女"
"A2164",809,2,"美國隊長"
"A2165",849,1,"暴風女"
"A2166",918,2,"美國隊長"
"A2167",884,2,"白皇后"
"A2168",1736,2,"白皇后"
"A2169",820,1,"暴風女"
"A2170",1003,2,"美國隊長"
"A2172",790,2,"暴風女"
"A2173",968,1,"黑寡婦"
"A2174",976,2,"白皇后"
"A2175",816,2,"美國隊長"
"A2176",917,2,"鋼鐵人"
"A2177",914,2,"鋼鐵人"
"A2178",930,2,"白皇后"
"A2179",887,1,"白皇后"
"A2180",1110,1,"黑寡婦"
"A2181",748,2,"暴風女"
"A2182",931,1,"暴風女"
"A2183",840,2,"鋼鐵人"
"A2184",899,2,"鋼鐵人"
"A2185",1559,3,"白皇后"
"A2186",962,1,"白皇后"
"A2187",982,1,"美國隊長"
"A2188",960,1,"暴風女"
"A2189",828,2,"美國隊長"
"A2190",848,2,"暴風女"
"A2191",846,2,"鋼鐵人"
"A2192",993,1,"暴風女"
"A2193",986,1,"暴風女"
"A2194",960,1,"美國隊長"
"A2195",940,2,"白皇后"
"A2196",930,1,"黑寡婦"
"A2197",870,2,"暴風女"
"A2198",926,2,"美國隊長"
"A2199",937,2,"暴風女"
"A2200",940,2,"美國隊長"
"A2201",875,1,"白皇后"
"A2202",875,2,"鋼鐵人"
"A2203",772,2,"白皇后"
"A2204",849,1,"鋼鐵人"
"A2205",1623,4,"鋼鐵人"
"A2206",923,1,"白皇后"
"A2207",914,1,"美國隊長"
"A2208",888,2,"暴風女"
"A2209",903,2,"美國隊長"
"A2210",889,2,"鋼鐵人"
"A2211",937,2,"鋼鐵人"
"A2212",961,2,"白皇后"
"A2213",818,2,"暴風女"
"A2214",889,2,"美國隊長"
"A2215",902,1,"白皇后"
"A2216",1231,4,"鋼鐵人"
"A2217",908,2,"暴風女"
"A2218",899,2,"鋼鐵人"
"A2219",938,2,"白皇后"
"A2220",886,2,"美國隊長"
"A2221",917,2,"鋼鐵人"
"A2222",898,2,"美國隊長"
"A2223",940,2,"白皇后"
"A2224",965,1,"暴風女"
"A2225",969,1,"鋼鐵人"
"A2226",920,2,"美國隊長"
"A2227",890,2,"白皇后"
"A2228",870,2,"暴風女"
"A2229",888,2,"暴風女"
"A2230",822,2,"美國隊長"
"A2231",939,2,"黑寡婦"
"A2232",940,2,"美國隊長"
"A2233",874,2,"鋼鐵人"
"A2234",938,2,"白皇后"
"A2235",835,2,"鋼鐵人"
"A2236",920,2,"暴風女"
"A2237",913,1,"鋼鐵人"
"A2238",861,2,"黑寡婦"
"A2239",871,2,"暴風女"
"A2240",825,2,"暴風女"
"A2241",927,1,"美國隊長"
"A2242",898,2,"白皇后"
"A2243",795,1,"美國隊長"
"A2244",851,2,"黑寡婦"
"A2245",908,2,"白皇后"
"A2246",919,1,"暴風女"
"A2247",854,1,"鋼鐵人"
"A2248",883,2,"鋼鐵人"
"A2249",856,1,"白皇后"
"A2251",895,2,"黑寡婦"
"A2252",943,2,"暴風女"
"A2253",858,2,"暴風女"
"A2254",812,2,"美國隊長"
"A2255",882,3,"鋼鐵人"
"A2256",832,2,"美國隊長"
"A2257",867,1,"鋼鐵人"
"A2258",1239,3,"美國隊長"
"A2259",632,1,"暴風女"
"A2260",587,3,"白皇后"
"A2261",826,2,"美國隊長"
"A2262",846,2,"白皇后"
"A2263",906,1,"鋼鐵人"
"A2264",708,2,"暴風女"
"A2265",854,2,"黑寡婦"
"A2266",834,2,"白皇后"
"A2267",846,2,"黑寡婦"
"A2268",768,2,"白皇后"
"A2269",839,2,"鋼鐵人"
"A2270",855,2,"鋼鐵人"
"A2271",906,2,"美國隊長"
"A2272",886,1,"暴風女"
"A2274",936,2,"暴風女"
"A2275",946,2,"黑寡婦"
"A2276",910,1,"其他"
"A2277",751,1,"暴風女"
"A2278",905,1,"美國隊長"
"A2279",951,2,"鋼鐵人"
"A2280",963,1,"其他"
"A2281",718,2,"暴風女"
"A2282",975,2,"美國隊長"
"A2283",946,1,"鋼鐵人"
"A2284",960,1,"美國隊長"
"A2285",891,2,"鋼鐵人"
"A2286",869,2,"鋼鐵人"
"A2287",827,2,"黑寡婦"
"A2288",1580,2,"其他"
"A2289",749,2,"暴風女"
"A2290",874,1,"白皇后"
"A2291",824,2,"白皇后"
"A2292",953,2,"美國隊長"
"A2293",801,1,"暴風女"
"A2294",922,1,"黑寡婦"
"A2295",857,2,"暴風女"
"A2296",900,1,"鋼鐵人"
"A2297",953,1,"鋼鐵人"
"A2298",931,1,"暴風女"
"A2299",840,2,"白皇后"
"A2300",902,2,"美國隊長"
"A2301",891,2,"暴風女"
"A2302",830,2,"白皇后"
"A2303",881,1,"美國隊長"
"A2304",844,2,"鋼鐵人"
"A2305",812,2,"白皇后"
"A2306",727,1,"白皇后"
"A2307",953,2,"美國隊長"
"A2308",861,1,"美國隊長"
"A2309",880,2,"暴風女"
"A2310",859,2,"暴風女"
"A2311",826,2,"白皇后"
"A2312",902,2,"美國隊長"
"A2313",841,2,"暴風女"
"A2314",856,2,"暴風女"
"A2315",887,1,"鋼鐵人"
"A2316",854,3,"鋼鐵人"
"A2317",899,2,"美國隊長"
"A2318",915,2,"美國隊長"
"A2319",847,1,"暴風女"
"A2320",807,1,"白皇后"
"A2321",887,2,"鋼鐵人"
"A2323",940,1,"鋼鐵人"
"A2324",911,1,"暴風女"
"A2325",939,1,"美國隊長"
"A2326",822,2,"暴風女"
"A2327",1281,2,"美國隊長"
"A2328",911,1,"鋼鐵人"
"A2329",901,1,"鋼鐵人"
"A2330",887,1,"白皇后"
"A2331",872,1,"白皇后"
"A2332",941,1,"美國隊長"
"A2334",1511,2,"鋼鐵人"
"A2335",859,2,"白皇后"
"A2336",843,2,"美國隊長"
"A2337",865,2,"暴風女"
"A2338",912,1,"美國隊長"
"A2339",910,1,"鋼鐵人"
"A2340",910,1,"鋼鐵人"
"A2341",910,2,"白皇后"
"A2342",918,2,"美國隊長"
"A2343",961,1,"鋼鐵人"
"A2344",872,2,"鋼鐵人"
"A2345",953,2,"美國隊長"
"A2346",815,2,"白皇后"
"A2347",776,2,"暴風女"
"A2348",820,2,"白皇后"
"A2349",929,2,"暴風女"
"A2350",862,2,"鋼鐵人"
"A2351",908,2,"鋼鐵人"
"A2353",902,2,"暴風女"
"A2355",858,2,"白皇后"
"A2356",884,1,"暴風女"
"A2357",844,1,"暴風女"
"A2358",859,1,"美國隊長"
"A2359",826,2,"美國隊長"
"A2360",888,2,"白皇后"
"A2361",1714,3,"其他"
"A2362",932,1,"白皇后"
"A2363",829,2,"其他"
"A2364",839,2,"白皇后"
"A2365",787,1,"鋼鐵人"
"A2366",943,2,"美國隊長"
"A2367",830,2,"美國隊長"
"A2368",897,1,"美國隊長"
"A2369",865,1,"白皇后"
"A2370",896,2,"美國隊長"
"A2371",884,1,"白皇后"
"A2372",809,1,"暴風女"
"A2373",929,1,"鋼鐵人"
"A2374",815,2,"其他"
"A2375",837,2,"暴風女"
"A2376",771,2,"暴風女"
"A2377",872,2,"美國隊長"
"A2378",837,2,"白皇后"
"A2379",935,1,"鋼鐵人"
"A2380",885,2,"白皇后"
"A2381",890,2,"美國隊長"
"A2382",875,1,"鋼鐵人"
"A2383",875,2,"鋼鐵人"
"A2384",860,2,"鋼鐵人"
"A2385",905,2,"鋼鐵人"
"A2386",879,2,"暴風女"
"A2387",860,1,"暴風女"
"A2388",935,2,"美國隊長"
"A2389",921,2,"白皇后"
"A2390",851,1,"白皇后"
"A2391",860,2,"美國隊長"
"A2392",913,2,"鋼鐵人"
"A2393",834,2,"鋼鐵人"
"A2394",910,2,"暴風女"
"A2395",960,1,"美國隊長"
"A2396",935,2,"暴風女"
"A2397",885,1,"美國隊長"
"A2398",807,2,"白皇后"
"A2399",831,2,"暴風女"
"A2400",815,2,"暴風女"
"A2401",904,1,"鋼鐵人"
"A2402",885,2,"鋼鐵人"
"A2403",809,2,"美國隊長"
"A2404",794,2,"浩克"
"A2405",841,2,"鋼鐵人"
"A2406",854,2,"美國隊長"
"A2407",889,1,"美國隊長"
"A2408",894,1,"鋼鐵人"
"A2409",917,2,"暴風女"
"A2410",856,2,"白皇后"
"A2411",738,1,"暴風女"
"A2412",897,1,"浩克"
"A2413",992,1,"鋼鐵人"
"A2414",884,1,"白皇后"
"A2415",952,1,"美國隊長"
"A2416",768,1,"浩克"
"A2417",841,2,"暴風女"
"A2418",852,2,"白皇后"
"A2419",1081,1,"暴風女"
"A2420",941,2,"美國隊長"
"A2421",848,1,"鋼鐵人"
"A2422",937,1,"鋼鐵人"
"A2423",866,2,"暴風女"
"A2424",940,1,"暴風女"
"A2425",935,1,"美國隊長"
"A2426",885,4,"美國隊長"
"A2427",821,1,"浩克"
"A2428",865,1,"美國隊長"
"A2429",806,2,"美國隊長"
"A2430",905,1,"黑寡婦"
"A2431",932,1,"鋼鐵人"
"A2432",885,1,"鋼鐵人"
"A2433",807,2,"暴風女"
"A2434",862,2,"暴風女"
"A2435",841,1,"浩克"
"A2436",842,2,"鋼鐵人"
"A2437",880,2,"美國隊長"
"A2438",831,2,"暴風女"
"A2439",924,2,"黑寡婦"
"A2440",921,1,"鋼鐵人"
"A2441",900,1,"暴風女"
"A2442",944,2,"浩克"
"A2443",955,1,"鋼鐵人"
"A2444",736,1,"黑寡婦"
"A2445",858,1,"美國隊長"
"A2446",861,2,"暴風女"
"A2447",870,2,"美國隊長"
"A2448",930,2,"黑寡婦"
"A2449",845,1,"浩克"
"A2450",865,1,"鋼鐵人"
"A2451",896,1,"鋼鐵人"
"A2452",849,1,"暴風女"
"A2453",866,2,"鋼鐵人"
"A2454",945,2,"黑寡婦"
"A2455",883,2,"黑寡婦"
"A2456",710,3,"美國隊長"
"A2457",812,2,"暴風女"
"A2458",813,2,"暴風女"
"A2459",949,1,"浩克"
"A2460",960,1,"美國隊長"
"A2461",906,1,"鋼鐵人"
"A2462",878,1,"黑寡婦"
"A2463",916,2,"美國隊長"
"A2464",877,1,"浩克"
"A2465",862,1,"暴風女"
"A2466",866,2,"暴風女"
"A2467",874,1,"黑寡婦"
"A2468",937,1,"暴風女"
"A2469",904,2,"美國隊長"
"A2470",809,1,"鋼鐵人"
"A2471",953,1,"鋼鐵人"
"A2472",846,2,"暴風女"
"A2473",924,1,"黑寡婦"
"A2474",789,2,"浩克"
"A2475",931,1,"美國隊長"
"A2476",869,2,"鋼鐵人"
"A2477",944,1,"浩克"
"A2478",951,2,"暴風女"
"A2479",1571,4,"鋼鐵人"
"A2480",876,2,"美國隊長"
"A2481",840,2,"黑寡婦"
"A2482",874,1,"鋼鐵人"
"A2483",891,1,"鋼鐵人"
"A2484",768,3,"暴風女"
"A2485",849,2,"美國隊長"
"A2486",1038,1,"美國隊長"
"A2487",852,1,"黑寡婦"
"A2488",864,1,"美國隊長"
"A2489",786,2,"鋼鐵人"
"A2490",892,1,"美國隊長"
"A2491",820,1,"鋼鐵人"
"A2492",803,2,"浩克"
"A2493",776,2,"黑寡婦"
"A2494",899,1,"暴風女"
"A2495",944,1,"黑寡婦"
"A2496",867,2,"美國隊長"
"A2498",872,2,"暴風女"
"A2499",958,1,"美國隊長"
"A2500",878,2,"暴風女"
"A2501",1079,1,"美國隊長"
"A2502",845,2,"鋼鐵人"
"A2503",903,2,"鋼鐵人"
"A2504",776,2,"浩克"
"A2506",891,2,"暴風女"
"A2507",960,1,"暴風女"
"A2509",835,2,"美國隊長"
"A2510",814,1,"鋼鐵人"
"A2511",894,2,"浩克"
"A2512",824,2,"浩克"
"A2513",896,1,"暴風女"
"A2514",908,2,"美國隊長"
"A2515",905,2,"黑寡婦"
"A2516",886,1,"鋼鐵人"
"A2517",959,1,"鋼鐵人"
"A2518",1003,1,"鋼鐵人"
"A2519",843,1,"浩克"
"A2520",938,1,"美國隊長"
"A2521",880,1,"黑寡婦"
"A2522",923,2,"美國隊長"
"A2523",935,2,"暴風女"
"A2524",963,2,"暴風女"
"A2525",817,2,"黑寡婦"
"A2526",954,2,"美國隊長"
"A2527",883,1,"暴風女"
"A2528",863,1,"美國隊長"
"A2529",853,1,"鋼鐵人"
"A2530",868,1,"黑寡婦"
"A2531",879,2,"美國隊長"
"A2532",733,3,"黑寡婦"
"A2533",854,1,"鋼鐵人"
"A2534",874,1,"鋼鐵人"
"A2535",870,2,"美國隊長"
"A2536",932,2,"鋼鐵人"
"A2537",817,2,"美國隊長"
"A2538",855,2,"黑寡婦"
"A2539",848,2,"暴風女"
"A2540",883,1,"黑寡婦"
"A2541",919,2,"暴風女"
"A2542",891,2,"美國隊長"
"A2543",900,1,"黑寡婦"
"A2544",844,2,"美國隊長"
"A2545",806,1,"暴風女"
"A2546",892,1,"浩克"
"A2547",840,1,"暴風女"
"A2548",833,2,"浩克"
"A2549",803,2,"暴風女"
"A2550",849,2,"美國隊長"
"A2551",776,1,"暴風女"
"A2552",870,3,"美國隊長"
"A2553",751,3,"鋼鐵人"
"A2554",879,2,"暴風女"
"A2555",908,1,"鋼鐵人"
"A2556",815,2,"美國隊長"
"A2557",906,1,"浩克"
"A2558",882,2,"黑寡婦"
"A2559",822,2,"鋼鐵人"
"A2560",864,2,"黑寡婦"
"A2561",839,2,"美國隊長"
"A2562",826,1,"浩克"
"A2563",921,1,"暴風女"
"A2564",845,2,"鋼鐵人"
"A2565",776,1,"暴風女"
"A2566",1204,1,"浩克"
"A2567",856,2,"黑寡婦"
"A2568",911,2,"美國隊長"
"A2569",744,3,"鋼鐵人"
"A2570",852,2,"暴風女"
"A2571",853,2,"鋼鐵人"
"A2572",755,2,"美國隊長"
"A2573",877,2,"黑寡婦"
"A2574",848,2,"浩克"
"A2575",924,2,"黑寡婦"
"A2576",883,2,"暴風女"
"A2577",773,2,"暴風女"
"A2578",927,1,"美國隊長"
"A2579",854,1,"浩克"
"A2580",971,1,"鋼鐵人"
"A2581",907,1,"黑寡婦"
"A2582",838,2,"鋼鐵人"
"A2583",830,2,"鋼鐵人"
"A2584",847,2,"暴風女"
"A2585",1147,2,"美國隊長"
"A2586",963,3,"美國隊長"
"A2587",802,1,"美國隊長"
"A2588",882,1,"美國隊長"
"A2589",877,1,"黑寡婦"
"A2590",894,2,"鋼鐵人"
"A2591",805,1,"浩克"
"A2592",882,2,"鋼鐵人"
"A2593",853,1,"鋼鐵人"
"A2594",910,1,"暴風女"
"A2595",849,1,"美國隊長"
"A2596",873,2,"美國隊長"
"A2597",800,1,"黑寡婦"
"A2598",870,2,"黑寡婦"
"A2599",1688,4,"鋼鐵人"
"A2600",870,2,"黑寡婦"
"A2601",838,2,"鋼鐵人"
"A2602",901,2,"浩克"
"A2603",896,2,"美國隊長"
"A2604",894,1,"美國隊長"
"A2605",843,1,"暴風女"
"A2606",840,1,"暴風女"
"A2607",926,2,"黑寡婦"
"A2608",927,1,"美國隊長"
"A2609",886,3,"黑寡婦"
"A2610",821,1,"浩克"
"A2611",887,2,"鋼鐵人"
"A2612",1563,2,"鋼鐵人"
"A2613",830,3,"黑寡婦"
"A2614",807,2,"美國隊長"
"A2615",882,1,"暴風女"
"A2616",735,1,"鋼鐵人"
"A2617",878,1,"黑寡婦"
"A2619",863,2,"美國隊長"
"A2620",866,2,"美國隊長"
"A2621",856,2,"白皇后"
"A2622",830,2,"美國隊長"
"A2623",826,2,"鋼鐵人"
"A2624",770,1,"暴風女"
"A2625",936,2,"暴風女"
"A2626",775,1,"鋼鐵人"
"A2627",891,1,"黑寡婦"
"A2628",862,2,"黑寡婦"
"A2629",878,2,"鋼鐵人"
"A2630",911,2,"美國隊長"
"A2631",834,2,"白皇后"
"A2632",934,1,"暴風女"
"A2633",868,2,"美國隊長"
"A2634",831,1,"暴風女"
"A2635",805,1,"白皇后"
"A2636",790,2,"鋼鐵人"
"A2637",855,2,"鋼鐵人"
"A2638",895,1,"黑寡婦"
"A2639",874,2,"暴風女"
"A2641",866,2,"白皇后"
"A2642",876,1,"鋼鐵人"
"A2643",940,1,"黑寡婦"
"A2644",837,1,"美國隊長"
"A2645",771,1,"美國隊長"
"A2646",743,1,"暴風女"
"A2647",730,3,"白皇后"
"A2648",729,1,"美國隊長"
"A2649",861,2,"美國隊長"
"A2650",822,2,"暴風女"
"A2651",817,2,"暴風女"
"A2652",945,1,"鋼鐵人"
"A2653",812,2,"暴風女"
"A2654",860,1,"白皇后"
"A2655",826,2,"黑寡婦"
"A2656",808,2,"鋼鐵人"
"A2657",807,1,"鋼鐵人"
"A2658",732,3,"暴風女"
"A2659",874,1,"白皇后"
"A2660",812,1,"鋼鐵人"
"A2661",860,2,"鋼鐵人"
"A2662",838,1,"美國隊長"
"A2663",871,2,"美國隊長"
"A2664",737,2,"美國隊長"
"A2666",828,2,"暴風女"
"A2667",860,2,"黑寡婦"
"A2668",900,2,"暴風女"
"A2669",859,1,"白皇后"
"A2670",795,2,"美國隊長"
"A2671",849,2,"美國隊長"
"A2672",878,2,"暴風女"
"A2673",854,2,"暴風女"
"A2674",857,1,"鋼鐵人"
"A2675",823,2,"鋼鐵人"
"A2676",870,1,"暴風女"
"A2677",912,1,"美國隊長"
"A2678",862,2,"白皇后"
"A2679",686,2,"鋼鐵人"
"A2680",893,2,"黑寡婦"
"A2681",804,1,"鋼鐵人"
"A2682",808,2,"黑寡婦"
"A2683",814,1,"美國隊長"
"A2684",834,1,"暴風女"
"A2685",636,1,"鋼鐵人"
"A2686",854,2,"黑寡婦"
"A2687",863,1,"美國隊長"
"A2688",860,2,"暴風女"
"A2689",848,1,"鋼鐵人"
"A2691",821,2,"美國隊長"
"A2692",883,1,"鋼鐵人"
"A2693",875,1,"美國隊長"
"A2694",868,1,"暴風女"
"A2695",814,2,"黑寡婦"
"A2696",880,1,"黑寡婦"
"A2697",911,2,"黑寡婦"
"A2698",836,2,"暴風女"
"A2699",877,2,"暴風女"
"A2700",838,1,"黑寡婦"
"A2701",832,2,"鋼鐵人"
"A2702",827,1,"鋼鐵人"
"A2703",816,3,"美國隊長"
"A2704",745,1,"美國隊長"
"A2705",893,1,"美國隊長"
"A2706",820,1,"鋼鐵人"
"A2707",759,2,"黑寡婦"
"A2708",853,2,"暴風女"
"A2709",835,2,"鋼鐵人"
"A2710",894,1,"鋼鐵人"
"A2711",758,2,"美國隊長"
"A2712",839,2,"美國隊長"
"A2713",758,3,"黑寡婦"
"A2714",809,1,"黑寡婦"
"A2715",861,2,"暴風女"
"A2716",842,2,"暴風女"
"A2717",689,3,"鋼鐵人"
"A2719",794,1,"美國隊長"
"A2720",801,1,"美國隊長"
"A2721",771,1,"黑寡婦"
"A2722",843,2,"黑寡婦"
"A2723",818,1,"暴風女"
"A2724",810,2,"暴風女"
"A2725",681,2,"鋼鐵人"
"A2726",885,2,"美國隊長"
"A2728",830,1,"黑寡婦"
"A2729",832,2,"暴風女"
"A2730",858,2,"鋼鐵人"
"A2731",867,2,"美國隊長"
"A2732",713,3,"鋼鐵人"
"A2733",714,2,"暴風女"
"A2734",813,2,"黑寡婦"
"A2735",1659,4,"美國隊長"
"A2736",822,1,"黑寡婦"
"A2737",685,2,"鋼鐵人"
"A2738",856,1,"暴風女"
"A2739",899,1,"白皇后"
"A2740",837,1,"暴風女"
"A2741",704,2,"鋼鐵人"
"A2742",841,2,"黑寡婦"
"A2743",724,2,"黑寡婦"
"A2744",718,3,"鋼鐵人"
"A2745",797,1,"暴風女"
"A2746",874,1,"美國隊長"
"A2747",748,2,"鋼鐵人"
"A2748",715,2,"暴風女"
"A2749",755,1,"美國隊長"
"A2750",797,2,"美國隊長"
"A2751",883,1,"鋼鐵人"
"A2752",804,1,"鋼鐵人"
"A2753",726,2,"黑寡婦"
"A2754",780,1,"美國隊長"
"A2755",745,4,"黑寡婦"
"A2756",948,1,"暴風女"
"A2757",776,2,"暴風女"
"A2758",752,2,"黑寡婦"
"A2759",841,2,"黑寡婦"
"A2760",739,2,"美國隊長"
"A2761",892,2,"美國隊長"
"A2762",756,1,"美國隊長"
"A2763",786,2,"暴風女"
"A2764",821,2,"美國隊長"
"A2765",726,2,"鋼鐵人"
"A2766",729,1,"黑寡婦"
"A2767",875,2,"暴風女"
"A2768",825,2,"鋼鐵人"
"A2769",835,2,"暴風女"
"A2770",847,1,"黑寡婦"
"A2771",965,2,"美國隊長"
"A2772",777,2,"黑寡婦"
"A2773",812,2,"鋼鐵人"
"A2774",917,1,"美國隊長"
"A2775",846,1,"暴風女"
"A2776",840,2,"美國隊長"
"A2777",828,2,"黑寡婦"
"A2778",806,2,"暴風女"
"A2779",753,1,"黑寡婦"
"A2780",598,2,"暴風女"
"A2781",800,2,"黑寡婦"
"A2782",921,1,"美國隊長"
"A2783",915,1,"鋼鐵人"
"A2784",880,2,"鋼鐵人"
"A2785",873,2,"鋼鐵人"
"A2786",851,2,"黑寡婦"
"A2787",845,2,"鋼鐵人"
"A2788",771,1,"黑寡婦"
"A2789",854,1,"暴風女"
"A2790",866,3,"鋼鐵人"
"A2791",880,2,"美國隊長"
"A2792",847,3,"黑寡婦"
"A2793",829,1,"暴風女"
"A2794",812,1,"美國隊長"
"A2795",796,2,"暴風女"
"A2796",795,1,"鋼鐵人"
"A2797",842,2,"美國隊長"
"A2798",868,2,"黑寡婦"
"A2799",817,2,"暴風女"
"A2800",914,2,"美國隊長"
"A2801",832,2,"暴風女"
"A2802",939,1,"鋼鐵人"
"A2803",823,2,"鋼鐵人"
"A2804",885,2,"美國隊長"
"A2805",900,1,"鋼鐵人"
"A2806",849,2,"美國隊長"
"A2807",790,2,"暴風女"
"A2808",728,3,"黑寡婦"
"A2809",754,2,"暴風女"
"A2810",903,2,"美國隊長"
"A2811",828,2,"黑寡婦"
"A2812",900,2,"暴風女"
"A2813",706,3,"鋼鐵人"
"A2814",797,2,"美國隊長"
"A2815",1037,1,"美國隊長"
"A2816",874,3,"鋼鐵人"
"A2817",845,2,"黑寡婦"
"A2818",816,1,"暴風女"
"A2819",906,1,"暴風女"
"A2820",908,2,"黑寡婦"
"A2821",837,2,"鋼鐵人"
"A2822",925,2,"暴風女"
"A2823",925,2,"黑寡婦"
"A2824",944,2,"美國隊長"
"A2825",836,3,"鋼鐵人"
"A2826",924,1,"黑寡婦"
"A2827",773,2,"鋼鐵人"
"A2828",848,2,"黑寡婦"
"A2829",908,2,"美國隊長"
"A2830",858,2,"暴風女"
"A2831",861,2,"美國隊長"
"A2832",1056,1,"暴風女"
"A2833",936,1,"鋼鐵人"
"A2834",847,2,"暴風女"
"A2835",843,2,"鋼鐵人"
"A2836",865,2,"暴風女"
"A2837",871,2,"美國隊長"
"A2838",919,2,"黑寡婦"
"A2839",854,2,"美國隊長"
"A2840",925,2,"黑寡婦"
"A2841",835,2,"暴風女"
"A2842",955,1,"鋼鐵人"
"A2843",907,2,"美國隊長"
"A2844",876,1,"黑寡婦"
"A2845",876,2,"鋼鐵人"
"A2847",927,2,"黑寡婦"
"A2848",929,2,"黑寡婦"
"A2849",1031,1,"美國隊長"
"A2850",746,2,"鋼鐵人"
"A2851",900,2,"美國隊長"
"A2852",862,2,"黑寡婦"
"A2853",937,1,"鋼鐵人"
"A2854",919,1,"黑寡婦"
"A2855",847,2,"美國隊長"
"A2856",868,2,"黑寡婦"
"A2857",919,2,"鋼鐵人"
"A2858",981,1,"美國隊長"
"A2859",883,2,"蜘蛛人"
"A2860",782,1,"美國隊長"
"A2861",867,1,"鋼鐵人"
"A2863",824,2,"黑寡婦"
"A2864",869,2,"其他"
"A2865",969,2,"美國隊長"
"A2866",825,1,"黑寡婦"
"A2867",960,1,"黑寡婦"
"A2868",867,2,"鋼鐵人"
"A2869",920,2,"黑寡婦"
"A2870",997,1,"美國隊長"
"A2871",877,2,"鋼鐵人"
"A2872",947,1,"黑寡婦"
"A2873",904,2,"黑寡婦"
"A2874",946,2,"美國隊長"
"A2875",933,1,"美國隊長"
"A2876",898,1,"鋼鐵人"
"A2877",919,1,"鋼鐵人"
"A2878",854,2,"蜘蛛人"
"A2879",879,1,"美國隊長"
"A2880",857,2,"黑寡婦"
"A2881",826,2,"鋼鐵人"
"A2882",881,2,"黑寡婦"
"A2883",924,2,"美國隊長"
"A2884",814,1,"鋼鐵人"
"A2885",868,2,"黑寡婦"
"A2886",877,2,"黑寡婦"
"A2887",914,2,"美國隊長"
"A2888",843,2,"鋼鐵人"
"A2890",710,2,"鋼鐵人"
"A2891",973,1,"美國隊長"
"A2892",966,2,"黑寡婦"
"A2893",847,1,"鋼鐵人"
"A2894",944,2,"黑寡婦"
"A2895",922,2,"鋼鐵人"
"A2896",914,2,"黑寡婦"
"A2897",965,2,"美國隊長"
"A2898",926,2,"美國隊長"
"A2899",951,2,"鋼鐵人"
"A2900",934,2,"美國隊長"
"A2901",866,2,"黑寡婦"
"A2902",856,1,"鋼鐵人"
"A2903",859,2,"美國隊長"
"A2904",930,2,"黑寡婦"
"A2905",1145,1,"鋼鐵人"
"A2906",932,2,"美國隊長"
"A2907",880,2,"暴風女"
"A2908",916,1,"黑寡婦"
"A2909",870,2,"蜘蛛人"
"A2910",967,1,"鋼鐵人"
"A2911",908,2,"暴風女"
"A2912",838,2,"蜘蛛人"
"A2913",893,1,"黑寡婦"
"A2914",938,1,"鋼鐵人"
"A2915",891,2,"黑寡婦"
"A2916",840,2,"美國隊長"
"A2917",849,1,"暴風女"
"A2918",916,2,"黑寡婦"
"A2919",993,1,"蜘蛛人"
"A2920",895,2,"暴風女"
"A2921",947,2,"美國隊長"
"A2922",875,1,"鋼鐵人"
"A2923",833,2,"美國隊長"
"A2924",869,1,"暴風女"
"A2925",938,1,"蜘蛛人"
"A2926",902,1,"鋼鐵人"
"A2927",837,1,"美國隊長"
"A2928",904,2,"鋼鐵人"
"A2929",976,1,"美國隊長"
"A2930",925,1,"黑寡婦"
"A2931",923,2,"暴風女"
"A2932",865,1,"黑寡婦"
"A2933",914,2,"暴風女"
"A2934",798,2,"鋼鐵人"
"A2935",944,2,"暴風女"
"A2936",941,1,"美國隊長"
"A2937",899,1,"黑寡婦"
"A2938",897,2,"蜘蛛人"
"A2939",953,2,"暴風女"
"A2940",836,2,"美國隊長"
"A2941",788,3,"鋼鐵人"
"A2942",851,2,"黑寡婦"
"A2943",813,2,"暴風女"
"A2944",784,2,"蜘蛛人"
"A2945",909,2,"美國隊長"
"A2946",822,1,"暴風女"
"A2947",801,2,"美國隊長"
"A2948",729,1,"黑寡婦"
"A2949",834,2,"黑寡婦"
"A2950",856,1,"蜘蛛人"
"A2951",947,1,"暴風女"
"A2952",861,1,"鋼鐵人"
"A2953",886,1,"黑寡婦"
"A2954",828,2,"鋼鐵人"
"A2955",833,2,"黑寡婦"
"A2956",845,2,"暴風女"
"A2957",832,2,"鋼鐵人"
"A2958",823,1,"暴風女"
"A2959",933,2,"美國隊長"
"A2960",888,1,"鋼鐵人"
"A2961",857,1,"美國隊長"
"A2962",937,2,"蜘蛛人"
"A2963",874,2,"美國隊長"
"A2964",917,2,"黑寡婦"
"A2965",879,2,"鋼鐵人"
"A2966",893,1,"暴風女"
"A2967",955,1,"鋼鐵人"
"A2968",904,1,"美國隊長"
"A2970",912,2,"黑寡婦"
"A2971",842,2,"暴風女"
"A2972",843,2,"蜘蛛人"
"A2973",876,1,"美國隊長"
"A2974",802,2,"黑寡婦"
"A2975",862,1,"鋼鐵人"
"A2976",937,2,"美國隊長"
"A2977",854,1,"暴風女"
"A2978",916,1,"黑寡婦"
"A2979",859,1,"美國隊長"
"A2980",909,1,"鋼鐵人"
"A2981",845,2,"鋼鐵人"
"A2982",870,2,"黑寡婦"
"A2983",840,1,"美國隊長"
"A2984",897,2,"暴風女"
"A2985",927,2,"暴風女"
"A2986",872,2,"黑寡婦"
"A2987",883,2,"暴風女"
"A2988",904,2,"美國隊長"
"A2989",842,2,"黑寡婦"
"A2990",816,2,"鋼鐵人"
"A2991",921,1,"鋼鐵人"
"A2992",834,2,"美國隊長"
"A2993",883,2,"暴風女"
"A2994",913,2,"黑寡婦"
"A2995",913,1,"鋼鐵人"
"A2996",881,1,"美國隊長"
"A2997",842,2,"暴風女"
"A2998",907,2,"黑寡婦"
"A2999",853,2,"暴風女"
"A3000",919,2,"美國隊長"
"A3001",803,2,"黑寡婦"
"A3002",868,1,"鋼鐵人"
"A3003",910,2,"鋼鐵人"
"A3004",861,2,"暴風女"
"A3005",853,2,"黑寡婦"
"A3006",912,2,"美國隊長"
"A3007",940,2,"鋼鐵人"
"A3008",807,1,"暴風女"
"A3009",864,2,"暴風女"
"A3010",790,2,"鋼鐵人"
"A3011",892,2,"黑寡婦"
"A3012",926,2,"美國隊長"
"A3013",895,2,"黑寡婦"
"A3014",896,2,"美國隊長"
"A3015",876,2,"蜘蛛人"
"A3016",907,1,"美國隊長"
"A3017",809,2,"鋼鐵人"
"A3018",874,2,"黑寡婦"
"A3019",885,2,"蜘蛛人"
"A3020",936,1,"暴風女"
"A3021",861,2,"鋼鐵人"
"A3022",888,1,"黑寡婦"
"A3023",787,2,"暴風女"
"A3024",856,2,"美國隊長"
"A3025",859,2,"蜘蛛人"
"A3026",792,2,"美國隊長"
"A3027",807,1,"鋼鐵人"
"A3028",863,2,"美國隊長"
"A3029",790,1,"鋼鐵人"
"A3030",928,1,"黑寡婦"
"A3031",863,2,"暴風女"
"A3032",939,1,"蜘蛛人"
"A3033",826,2,"暴風女"
"A3034",886,2,"黑寡婦"
"A3035",876,2,"蜘蛛人"
"A3036",926,2,"黑寡婦"
"A3037",901,2,"美國隊長"
"A3038",899,1,"暴風女"
"A3039",949,1,"鋼鐵人"
"A3040",869,2,"美國隊長"
"A3042",934,3,"黑寡婦"
"A3043",922,2,"蜘蛛人"
"A3044",880,1,"鋼鐵人"
"A3045",800,2,"暴風女"
"A3046",902,2,"黑寡婦"
"A3049",917,2,"蜘蛛人"
"A3051",814,2,"美國隊長"
"A3052",880,1,"鋼鐵人"
"A3053",903,2,"美國隊長"
"A3054",844,2,"暴風女"
"A3055",774,2,"黑寡婦"
"A3057",909,2,"美國隊長"
"A3058",821,1,"暴風女"
"A3059",815,2,"黑寡婦"
"A3060",910,2,"黑寡婦"
"A3061",894,2,"黑寡婦"
"A3062",938,1,"蜘蛛人"
"A3063",825,2,"鋼鐵人"
"A3064",860,2,"鋼鐵人"
"A3065",913,1,"暴風女"
"A3066",819,2,"暴風女"
"A3067",852,2,"蜘蛛人"
"A3068",740,2,"鋼鐵人"
"A3069",917,2,"暴風女"
"A3070",947,2,"黑寡婦"
"A3071",897,2,"蜘蛛人"
"A3072",1699,1,"美國隊長"
"A3073",786,3,"暴風女"
"A3074",938,1,"黑寡婦"
"A3075",842,2,"暴風女"
"A3076",873,2,"黑寡婦"
"A3077",940,2,"美國隊長"
"A3078",712,3,"美國隊長"
"A3079",816,2,"暴風女"
"A3080",736,2,"美國隊長"
"A3081",691,3,"鋼鐵人"
"A3082",894,2,"黑寡婦"
"A3083",790,2,"蜘蛛人"
"A3084",846,2,"鋼鐵人"
"A3085",766,3,"鋼鐵人"
"A3086",687,3,"暴風女"
"A3087",861,2,"美國隊長"
"A3088",629,3,"鋼鐵人"
"A3089",813,2,"黑寡婦"
"A3090",721,2,"蜘蛛人"
"A3091",885,1,"蜘蛛人"
"A3092",834,2,"黑寡婦"
"A3093",795,2,"鋼鐵人"
"A3094",831,2,"暴風女"
"A3095",718,2,"美國隊長"
"A3096",611,2,"暴風女"
"A3097",780,2,"暴風女"
"A3098",785,1,"鋼鐵人"
"A3099",725,2,"鋼鐵人"
"A3100",805,2,"蜘蛛人"
"A3101",656,3,"美國隊長"
"A3102",735,2,"美國隊長"
"A3103",733,2,"黑寡婦"
"A3104",661,1,"黑寡婦"
"A3105",643,2,"鋼鐵人"
"A3106",789,2,"美國隊長"
"A3107",794,2,"暴風女"
"A3108",810,3,"黑寡婦"
"A3110",725,3,"黑寡婦"
"A3111",612,3,"暴風女"
"A3112",768,2,"美國隊長"
"A3113",637,3,"鋼鐵人"
"A3114",778,2,"蜘蛛人"
"A3115",782,3,"美國隊長"
"A3116",804,3,"暴風女"
"A3117",779,2,"黑寡婦"
"A3118",790,2,"黑寡婦"
"A3119",674,3,"鋼鐵人"
"A3120",793,3,"蜘蛛人"
"A3121",791,2,"鋼鐵人"
"A3122",777,3,"暴風女"
"A3123",733,3,"美國隊長"
"A3124",676,2,"暴風女"
"A3125",870,3,"黑寡婦"
"A3126",763,3,"鋼鐵人"
"A3127",736,3,"蜘蛛人"
"A3128",759,2,"鋼鐵人"
"A3129",889,3,"美國隊長"
"A3130",1079,2,"暴風女"
"A3131",867,2,"黑寡婦"
"A3132",729,1,"暴風女"
"A3133",793,2,"鋼鐵人"
"A3134",616,2,"暴風女"
"A3135",790,2,"鋼鐵人"
"A3136",703,2,"黑寡婦"
"A3137",708,2,"美國隊長"
"A3138",770,2,"黑寡婦"
"A3139",737,2,"美國隊長"
"A3140",754,2,"蜘蛛人"
"A3141",681,2,"蜘蛛人"
"A3142",814,1,"鋼鐵人"
"A3143",815,2,"美國隊長"
"A3144",788,2,"暴風女"
"A3145",787,2,"黑寡婦"
"A3146",754,2,"蜘蛛人"
"A3147",697,1,"暴風女"
"A3148",775,2,"鋼鐵人"
"A3149",798,2,"黑寡婦"
"A3150",752,2,"蜘蛛人"
"A3151",741,2,"美國隊長"
"A3152",758,2,"鋼鐵人"
"A3153",1265,2,"暴風女"
"A3154",695,2,"黑寡婦"
"A3155",1102,1,"美國隊長"
"A3156",772,1,"暴風女"
"A3157",734,2,"蜘蛛人"
"A3158",739,2,"鋼鐵人"
"A3159",693,2,"鋼鐵人"
"A3160",796,2,"美國隊長"
"A3161",755,1,"美國隊長"
"A3162",746,2,"暴風女"
"A3163",810,1,"黑寡婦"
"A3164",718,1,"黑寡婦"
"A3165",750,2,"蜘蛛人"
"A3166",845,1,"蜘蛛人"
"A3167",661,1,"鋼鐵人"
"A3168",787,2,"黑寡婦"
"A3169",716,1,"暴風女"
"A3170",771,2,"美國隊長"
"A3171",766,2,"鋼鐵人"
"A3172",731,2,"蜘蛛人"
"A3173",702,2,"美國隊長"
"A3174",744,2,"黑寡婦"
"A3175",993,3,"蜘蛛人"
"A3176",754,2,"鋼鐵人"
"A3177",764,2,"美國隊長"
"A3178",722,2,"鋼鐵人"
"A3180",684,2,"蜘蛛人"
"A3181",777,2,"暴風女"
"A3182",775,2,"蜘蛛人"
"A3183",759,2,"美國隊長"
"A3184",841,2,"蜘蛛人"
"A3185",716,1,"鋼鐵人"
"A3186",758,2,"黑寡婦"
"A3187",786,2,"蜘蛛人"
"A3188",739,1,"鋼鐵人"
"A3189",799,2,"黑寡婦"
"A3190",717,2,"蜘蛛人"
"A3191",797,1,"美國隊長"
"A3192",710,2,"暴風女"
"A3193",764,2,"美國隊長"
"A3194",692,2,"鋼鐵人"
"A3195",836,2,"鋼鐵人"
"A3196",1519,3,"美國隊長"
"A3197",767,2,"暴風女"
"A3198",625,3,"暴風女"
"A3199",1167,2,"黑寡婦"
"A3200",828,2,"蜘蛛人"
"A3201",521,3,"鋼鐵人"
"A3202",777,2,"黑寡婦"
"A3203",726,2,"暴風女"
"A3204",730,2,"蜘蛛人"
"A3205",804,2,"美國隊長"
"A3207",752,2,"美國隊長"
"A3208",760,1,"暴風女"
"A3209",835,1,"黑寡婦"
"A3210",797,2,"蜘蛛人"
"A3211",765,2,"暴風女"
"A3212",800,1,"黑寡婦"
"A3213",879,1,"蜘蛛人"
"A3214",791,1,"美國隊長"
"A3215",783,1,"黑寡婦"
"A3216",978,1,"美國隊長"
"A3217",823,1,"鋼鐵人"
"A3218",755,2,"暴風女"
"A3219",747,1,"暴風女"
"A3220",794,1,"鋼鐵人"
"A3221",810,1,"黑寡婦"
"A3222",791,2,"蜘蛛人"
"A3223",819,1,"蜘蛛人"
"A3224",805,1,"鋼鐵人"
"A3225",744,2,"鋼鐵人"
"A3226",744,1,"美國隊長"
"A3227",816,1,"美國隊長"
"A3228",783,1,"暴風女"
"A3229",750,2,"暴風女"
"A3230",800,2,"黑寡婦"
"A3231",788,2,"蜘蛛人"
"A3232",691,2,"鋼鐵人"
"A3233",764,2,"黑寡婦"
"A3234",775,1,"蜘蛛人"
"A3235",763,2,"黑寡婦"
"A3236",751,1,"鋼鐵人"
"A3237",782,1,"鋼鐵人"
"A3238",812,2,"美國隊長"
"A3239",673,2,"蜘蛛人"
"A3240",790,1,"美國隊長"
"A3241",797,2,"暴風女"
"A3242",771,1,"黑寡婦"
"A3243",781,1,"暴風女"
"A3244",700,2,"鋼鐵人"
"A3245",708,2,"蜘蛛人"
"A3246",825,1,"鋼鐵人"
"A3247",736,2,"美國隊長"
"A3248",731,2,"美國隊長"
"A3249",834,2,"美國隊長"
"A3250",739,2,"暴風女"
"A3251",777,2,"黑寡婦"
"A3252",858,2,"黑寡婦"
"A3253",816,1,"蜘蛛人"
"A3254",827,1,"美國隊長"
"A3255",839,2,"暴風女"
"A3256",701,1,"蜘蛛人"
"A3258",823,1,"暴風女"
"A3259",755,2,"黑寡婦"
"A3260",743,1,"鋼鐵人"
"A3261",818,2,"美國隊長"
"A3262",824,2,"鋼鐵人"
"A3263",778,2,"蜘蛛人"
"A3264",851,1,"美國隊長"
"A3266",690,2,"暴風女"
"A3267",789,1,"鋼鐵人"
"A3269",803,2,"暴風女"
"A3270",784,2,"黑寡婦"
"A3271",731,2,"蜘蛛人"
"A3272",752,2,"鋼鐵人"
"A3273",787,2,"黑寡婦"
"A3274",783,1,"鋼鐵人"
"A3275",824,1,"美國隊長"
"A3276",737,2,"黑寡婦"
"A3277",723,2,"美國隊長"
"A3278",794,2,"暴風女"
"A3279",835,2,"蜘蛛人"
"A3280",730,2,"鋼鐵人"
"A3281",769,2,"暴風女"
"A3282",815,1,"黑寡婦"
"A3283",814,1,"暴風女"
"A3284",750,1,"蜘蛛人"
"A3285",755,2,"美國隊長"
"A3286",775,1,"鋼鐵人"
"A3287",802,1,"美國隊長"
"A3288",789,1,"鋼鐵人"
"A3289",756,2,"暴風女"
"A3290",825,1,"黑寡婦"
"A3291",838,2,"蜘蛛人"
"A3292",845,1,"美國隊長"
"A3293",1039,2,"鋼鐵人"
"A3294",760,2,"蜘蛛人"
"A3295",764,2,"暴風女"
"A3296",810,1,"鋼鐵人"
"A3297",821,2,"美國隊長"
"A3298",740,2,"暴風女"
"A3299",784,2,"美國隊長"
"A3300",868,1,"鋼鐵人"
"A3301",769,2,"黑寡婦"
"A3302",817,1,"黑寡婦"
"A3303",858,2,"暴風女"
"A3304",859,2,"黑寡婦"
"A3305",739,1,"暴風女"
"A3306",783,1,"鋼鐵人"
"A3307",800,2,"美國隊長"
"A3308",823,1,"蜘蛛人"
"A3309",779,2,"鋼鐵人"
"A3310",718,2,"美國隊長"
"A3311",775,1,"蜘蛛人"
"A3312",733,2,"鋼鐵人"
"A3313",809,2,"暴風女"
"A3314",813,1,"美國隊長"
"A3315",762,1,"暴風女"
"A3316",761,2,"黑寡婦"
"A3317",834,2,"美國隊長"
"A3318",808,1,"蜘蛛人"
"A3319",791,2,"鋼鐵人"
"A3320",733,1,"暴風女"
"A3321",761,2,"美國隊長"
"A3322",647,2,"蜘蛛人"
"A3323",810,1,"黑寡婦"
"A3324",655,2,"鋼鐵人"
"A3325",815,1,"暴風女"
"A3326",822,2,"美國隊長"
"A3327",863,1,"蜘蛛人"
"A3328",818,2,"鋼鐵人"
"A3329",777,2,"黑寡婦"
"A3330",814,1,"蜘蛛人"
"A3331",782,2,"鋼鐵人"
"A3332",818,2,"蜘蛛人"
"A3333",792,2,"暴風女"
"A3334",802,2,"美國隊長"
"A3335",815,1,"黑寡婦"
"A3336",721,2,"暴風女"
"A3337",817,2,"美國隊長"
"A3338",750,1,"黑寡婦"
"A3339",767,1,"鋼鐵人"
"A3340",791,2,"蜘蛛人"
"A3341",773,2,"美國隊長"
"A3342",761,1,"蜘蛛人"
"A3343",731,1,"暴風女"
"A3344",755,2,"鋼鐵人"
"A3345",747,2,"暴風女"
"A3346",751,2,"鋼鐵人"
"A3347",827,1,"黑寡婦"
"A3348",739,2,"美國隊長"
"A3349",788,2,"蜘蛛人"
"A3350",810,2,"鋼鐵人"
"A3351",745,2,"暴風女"
"A3352",804,2,"暴風女"
"A3353",673,2,"鋼鐵人"
"A3354",812,1,"黑寡婦"
"A3355",810,2,"黑寡婦"
"A3356",771,2,"蜘蛛人"
"A3357",801,2,"美國隊長"
"A3358",739,1,"鋼鐵人"
"A3359",794,1,"暴風女"
"A3360",838,2,"美國隊長"
"A3361",761,2,"黑寡婦"
"A3363",776,1,"暴風女"
"A3364",806,1,"鋼鐵人"
"A3365",779,2,"美國隊長"
"A3366",775,1,"蜘蛛人"
"A3367",815,2,"黑寡婦"
"A3368",780,1,"美國隊長"
"A3369",771,2,"暴風女"
"A3370",776,2,"鋼鐵人"
"A3371",838,2,"黑寡婦"
"A3372",814,2,"蜘蛛人"
"A3373",734,2,"鋼鐵人"
"A3374",764,2,"暴風女"
"A3375",841,1,"鋼鐵人"
"A3376",673,2,"暴風女"
"A3377",833,1,"蜘蛛人"
"A3378",812,2,"美國隊長"
"A3379",776,2,"蜘蛛人"
"A3380",809,3,"黑寡婦"
"A3381",1137,2,"美國隊長"
"A3382",811,1,"鋼鐵人"
"A3383",811,2,"美國隊長"
"A3384",760,2,"暴風女"
"A3385",771,3,"蜘蛛人"
"A3386",738,2,"鋼鐵人"
"A3387",802,2,"蜘蛛人"
"A3389",821,2,"暴風女"
"A3390",805,1,"其他"
"A3391",786,2,"鋼鐵人"
"A3392",800,2,"暴風女"
"A3393",845,1,"黑寡婦"
"A3394",837,1,"美國隊長"
"A3395",770,2,"蜘蛛人"
"A3396",781,2,"美國隊長"
"A3397",815,1,"鋼鐵人"
"A3398",742,2,"美國隊長"
"A3399",779,1,"暴風女"
"A3400",818,1,"蜘蛛人"
"A3401",737,2,"暴風女"
"A3402",805,1,"蜘蛛人"
"A3403",730,2,"美國隊長"
"A3404",780,1,"暴風女"
"A3405",836,1,"黑寡婦"
"A3406",811,2,"蜘蛛人"
"A3407",860,2,"黑寡婦"
"A3408",806,2,"美國隊長"
"A3409",766,1,"鋼鐵人"
"A3410",747,2,"蜘蛛人"
"A3411",741,2,"黑寡婦"
"A3412",809,2,"蜘蛛人"
"A3413",798,2,"黑寡婦"
"A3414",830,2,"鋼鐵人"
"A3415",809,1,"暴風女"
"A3416",777,2,"美國隊長"
"A3417",762,2,"鋼鐵人"
"A3418",779,1,"暴風女"
"A3419",754,2,"美國隊長"
"A3420",796,1,"美國隊長"
"A3421",768,2,"鋼鐵人"
"A3422",783,2,"暴風女"
"A3423",799,2,"蜘蛛人"
"A3424",742,2,"黑寡婦"
"A3425",809,2,"蜘蛛人"
"A3426",781,2,"鋼鐵人"
"A3427",829,2,"黑寡婦"
"A3428",791,1,"暴風女"
"A3429",785,1,"鋼鐵人"
"A3431",821,2,"美國隊長"
"A3432",741,2,"美國隊長"
"A3433",770,2,"黑寡婦"
"A3434",772,2,"鋼鐵人"
"A3435",801,1,"鋼鐵人"
"A3436",816,2,"美國隊長"
"A3437",788,2,"暴風女"
"A3438",798,2,"暴風女"
"A3440",785,2,"蜘蛛人"
"A3441",779,2,"蜘蛛人"
"A3442",784,1,"美國隊長"
"A3443",786,2,"暴風女"
"A3444",796,2,"黑寡婦"
"A3445",775,2,"美國隊長"
"A3446",781,2,"暴風女"
"A3447",745,2,"鋼鐵人"
"A3448",798,1,"蜘蛛人"
"A3449",725,2,"美國隊長"
"A3450",826,2,"黑寡婦"
"A3451",755,2,"鋼鐵人"
"A3452",817,1,"美國隊長"
"A3453",731,1,"鋼鐵人"
"A3454",774,2,"蜘蛛人"
"A3455",722,2,"黑寡婦"
"A3456",788,1,"鋼鐵人"
"A3457",790,2,"蜘蛛人"
"A3458",1114,2,"鋼鐵人"
"A3459",810,1,"蜘蛛人"
"A3460",747,2,"黑寡婦"
"A3461",771,2,"美國隊長"
"A3462",796,1,"美國隊長"
"A3465",730,2,"暴風女"
"A3466",780,2,"黑寡婦"
"A3467",812,2,"蜘蛛人"
"A3468",788,2,"暴風女"
"A3469",772,2,"蜘蛛人"
"A3470",761,2,"暴風女"
"A3471",799,1,"黑寡婦"
"A3472",707,2,"鋼鐵人"
"A3473",723,2,"美國隊長"
"A3474",878,1,"鋼鐵人"
"A3475",844,2,"美國隊長"
"A3476",691,2,"暴風女"
"A3477",823,2,"黑寡婦"
"A3478",794,2,"鋼鐵人"
"A3479",739,2,"鋼鐵人"
"A3480",778,2,"美國隊長"
"A3481",760,2,"美國隊長"
"A3482",784,2,"暴風女"
"A3483",786,2,"暴風女"
"A3484",796,2,"黑寡婦"
"A3485",784,2,"蜘蛛人"
"A3487",823,2,"暴風女"
"A3488",784,2,"鋼鐵人"
"A3489",793,1,"黑寡婦"
"A3490",744,3,"蜘蛛人"
"A3491",807,2,"美國隊長"
"A3492",781,2,"鋼鐵人"
"A3493",817,1,"黑寡婦"
"A3494",820,2,"暴風女"
"A3495",763,2,"鋼鐵人"
"A3496",797,2,"美國隊長"
"A3497",740,2,"蜘蛛人"
"A3498",755,2,"美國隊長"
"A3499",774,2,"蜘蛛人"
"A3500",724,2,"美國隊長"
"A3501",762,2,"美國隊長"
"A3502",793,1,"暴風女"
"A3503",798,2,"暴風女"
"A3504",790,2,"黑寡婦"
"A3505",750,2,"蜘蛛人"
"A3506",779,2,"鋼鐵人"
"A3507",757,2,"鋼鐵人"
"A3508",823,1,"美國隊長"
"A3509",815,2,"暴風女"
"A3510",810,2,"黑寡婦"
"A3511",774,2,"蜘蛛人"
"A3512",833,2,"美國隊長"
"A3513",750,1,"鋼鐵人"
"A3514",715,2,"暴風女"
"A3515",816,2,"鋼鐵人"
"A3516",812,2,"蜘蛛人"
"A3517",785,2,"黑寡婦"
"A3518",772,2,"鋼鐵人"
"A3519",785,2,"美國隊長"
"A3520",817,2,"暴風女"
"A3521",772,2,"黑寡婦"
"A3522",767,1,"美國隊長"
"A3523",764,2,"暴風女"
"A3524",802,2,"美國隊長"
"A3525",773,2,"鋼鐵人"
"A3526",744,1,"黑寡婦"
"A3527",799,1,"暴風女"
"A3528",815,2,"暴風女"
"A3529",805,2,"鋼鐵人"
"A3530",716,2,"黑寡婦"
"A3531",759,2,"鳳凰女"
"A3532",809,2,"鋼鐵人"
"A3533",807,2,"美國隊長"
"A3534",808,1,"美國隊長"
"A3535",774,2,"鋼鐵人"
"A3536",786,2,"暴風女"
"A3537",793,2,"暴風女"
"A3538",816,1,"黑寡婦"
"A3539",785,2,"鳳凰女"
"A3540",772,2,"鳳凰女"
"A3541",823,1,"鋼鐵人"
"A3542",801,1,"暴風女"
"A3543",799,2,"黑寡婦"
"A3544",800,2,"美國隊長"
"A3545",749,2,"鳳凰女"
"A3546",791,2,"鋼鐵人"
"A3547",785,2,"暴風女"
"A3548",798,2,"鳳凰女"
"A3549",876,2,"美國隊長"
"A3550",766,3,"美國隊長"
"A3551",794,2,"鋼鐵人"
"A3552",784,2,"暴風女"
"A3553",737,2,"美國隊長"
"A3554",777,2,"鋼鐵人"
"A3555",786,2,"鳳凰女"
"A3556",760,1,"暴風女"
"A3558",776,2,"鳳凰女"
"A3559",833,1,"暴風女"
"A3560",800,2,"美國隊長"
"A3561",779,2,"鳳凰女"
"A3562",765,2,"鳳凰女"
"A3563",792,2,"暴風女"
"A3564",773,2,"鳳凰女"
"A3565",803,1,"暴風女"
"A3566",771,2,"鋼鐵人"
"A3567",776,2,"美國隊長"
"A3568",779,1,"鋼鐵人"
"A3569",1072,2,"美國隊長"
"A3570",968,2,"暴風女"
"A3571",748,2,"鋼鐵人"
"A3572",801,2,"美國隊長"
"A3573",802,2,"鳳凰女"
"A3574",747,2,"鋼鐵人"
"A3575",806,2,"美國隊長"
"A3576",775,2,"暴風女"
"A3577",796,2,"鳳凰女"
"A3578",793,1,"鋼鐵人"
"A3579",789,2,"暴風女"
"A3580",791,2,"美國隊長"
"A3581",811,2,"鳳凰女"
"A3582",802,2,"鋼鐵人"
"A3583",783,2,"暴風女"
"A3584",823,2,"鳳凰女"
"A3585",800,2,"美國隊長"
"A3586",804,2,"鋼鐵人"
"A3587",830,2,"美國隊長"
"A3588",767,2,"鋼鐵人"
"A3589",730,2,"鳳凰女"
"A3590",728,2,"暴風女"
"A3591",756,2,"美國隊長"
"A3592",796,2,"暴風女"
"A3593",782,2,"鳳凰女"
"A3594",825,2,"其他"
"A3595",842,2,"鋼鐵人"
"A3596",790,2,"美國隊長"
"A3597",786,2,"暴風女"
"A3598",798,2,"鳳凰女"
"A3599",714,2,"暴風女"
"A3600",801,2,"美國隊長"
"A3601",786,2,"鋼鐵人"
"A3602",751,2,"鳳凰女"
"A3603",774,2,"暴風女"
"A3604",784,2,"美國隊長"
"A3605",814,1,"鋼鐵人"
"A3606",766,2,"暴風女"
"A3607",795,2,"美國隊長"
"A3608",748,2,"鋼鐵人"
"A3609",772,2,"鳳凰女"
"A3610",767,1,"鋼鐵人"
"A3611",790,2,"美國隊長"
"A3612",776,2,"暴風女"
"A3613",653,2,"鳳凰女"
"A3614",750,2,"鋼鐵人"
"A3615",812,2,"暴風女"
"A3616",800,1,"美國隊長"
"A3617",778,2,"鳳凰女"
"A3618",791,2,"鋼鐵人"
"A3619",759,2,"鳳凰女"
"A3620",778,2,"暴風女"
"A3621",794,2,"美國隊長"
"A3622",770,2,"鋼鐵人"
"A3623",766,2,"暴風女"
"A3624",805,2,"鳳凰女"
"A3625",798,2,"美國隊長"
"A3626",799,2,"鋼鐵人"
"A3627",746,2,"美國隊長"
"A3628",781,2,"暴風女"
"A3629",799,1,"鳳凰女"
"A3630",805,2,"美國隊長"
"A3631",807,1,"鋼鐵人"
"A3632",778,2,"暴風女"
"A3633",797,2,"美國隊長"
"A3634",783,1,"鳳凰女"
"A3635",808,1,"暴風女"
"A3636",784,2,"鋼鐵人"
"A3637",777,2,"美國隊長"
"A3638",806,2,"鋼鐵人"
"A3639",789,2,"鳳凰女"
"A3640",784,2,"美國隊長"
"A3641",749,2,"暴風女"
"A3642",789,2,"暴風女"
"A3643",783,2,"鋼鐵人"
"A3644",804,2,"鋼鐵人"
"A3645",802,1,"美國隊長"
"A3646",734,1,"暴風女"
"A3647",815,2,"美國隊長"
"A3648",770,2,"鋼鐵人"
"A3649",802,2,"暴風女"
"A3650",766,1,"鋼鐵人"
"A3651",777,2,"鋼鐵人"
"A3652",791,1,"暴風女"
"A3653",763,2,"美國隊長"
"A3654",708,2,"暴風女"
"A3655",759,2,"鋼鐵人"
"A3656",754,2,"美國隊長"
"A3657",726,2,"暴風女"
"A3658",797,1,"鋼鐵人"
"A3659",789,3,"美國隊長"
"A3660",789,2,"暴風女"
"A3661",1334,4,"其他"
"A3662",783,2,"鋼鐵人"
"A3663",735,2,"美國隊長"
"A3664",797,2,"美國隊長"
"A3665",765,2,"鋼鐵人"
"A3666",794,1,"索爾"
"A3667",785,1,"鋼鐵人"
"A3668",794,2,"暴風女"
"A3669",755,2,"美國隊長"
"A3670",801,2,"其他"
"A3671",777,1,"暴風女"
"A3672",740,2,"美國隊長"
"A3673",815,1,"索爾"
"A3674",822,2,"暴風女"
"A3675",809,2,"美國隊長"
"A3676",802,2,"暴風女"
"A3677",789,2,"暴風女"
"A3678",758,2,"鋼鐵人"
"A3679",816,1,"索爾"
"A3680",797,2,"美國隊長"
"A3681",810,1,"鋼鐵人"
"A3682",726,3,"暴風女"
"A3683",792,1,"鋼鐵人"
"A3684",815,2,"美國隊長"
"A3685",801,2,"鋼鐵人"
"A3686",781,1,"暴風女"
"A3687",784,2,"美國隊長"
"A3688",777,2,"索爾"
"A3689",791,2,"美國隊長"
"A3690",842,1,"暴風女"
"A3691",772,2,"索爾"
"A3692",761,2,"美國隊長"
"A3693",767,2,"鋼鐵人"
"A3694",809,2,"暴風女"
"A3695",776,2,"美國隊長"
"A3696",776,2,"鋼鐵人"
"A3697",798,2,"索爾"
"A3698",805,1,"暴風女"
"A3699",842,2,"美國隊長"
"A3700",756,2,"鋼鐵人"
"A3701",746,2,"索爾"
"A3702",787,1,"暴風女"
"A3703",765,2,"鋼鐵人"
"A3704",818,1,"索爾"
"A3705",747,2,"美國隊長"
"A3706",801,2,"鋼鐵人"
"A3707",795,2,"暴風女"
"A3708",819,2,"美國隊長"
"A3709",709,2,"美國隊長"
"A3710",806,1,"暴風女"
"A3711",785,1,"鋼鐵人"
"A3712",787,2,"索爾"
"A3713",757,2,"美國隊長"
"A3714",813,1,"暴風女"
"A3715",736,2,"鋼鐵人"
"A3716",789,2,"美國隊長"
"A3717",770,2,"暴風女"
"A3718",983,2,"索爾"
"A3719",782,2,"美國隊長"
"A3720",823,1,"鋼鐵人"
"A3721",790,2,"索爾"
"A3722",818,2,"其他"
"A3723",737,2,"美國隊長"
"A3724",789,2,"鋼鐵人"
"A3725",774,2,"暴風女"
"A3726",776,2,"暴風女"
"A3727",787,2,"美國隊長"
"A3728",770,2,"索爾"
"A3729",739,2,"鋼鐵人"
"A3730",810,2,"鋼鐵人"
"A3731",786,2,"索爾"
"A3732",784,2,"暴風女"
"A3733",865,2,"美國隊長"
"A3734",743,2,"暴風女"
"A3735",839,2,"鋼鐵人"
"A3736",962,3,"鋼鐵人"
"A3737",798,2,"索爾"
"A3738",834,2,"美國隊長"
"A3739",810,1,"美國隊長"
"A3740",800,2,"暴風女"
"A3741",798,2,"暴風女"
"A3742",748,2,"索爾"
"A3743",782,1,"美國隊長"
"A3744",774,2,"鋼鐵人"
"A3745",810,2,"美國隊長"
"A3746",743,2,"鋼鐵人"
"A3747",799,2,"索爾"
"A3748",1009,2,"暴風女"
"A3749",800,2,"索爾"
"A3750",792,2,"鋼鐵人"
"A3751",781,2,"美國隊長"
"A3752",760,1,"鋼鐵人"
"A3753",787,2,"暴風女"
"A3754",1003,2,"美國隊長"
"A3755",1101,2,"其他"
"A3756",775,2,"其他"
"A3757",798,2,"鋼鐵人"
"A3758",818,1,"暴風女"
"A3759",925,2,"索爾"
"A3760",1007,2,"美國隊長"
"A3761",783,2,"其他"
"A3762",756,2,"暴風女"
"A3763",736,2,"鋼鐵人"
"A3764",806,1,"索爾"
"A3765",771,2,"美國隊長"
"A3766",740,2,"暴風女"
"A3767",735,2,"美國隊長"
"A3768",818,2,"其他"
"A3770",815,2,"美國隊長"
"A3771",779,2,"暴風女"
"A3772",791,2,"鋼鐵人"
"A3773",755,2,"暴風女"
"A3774",815,1,"鋼鐵人"
"A3775",832,1,"美國隊長"
"A3776",1013,2,"鋼鐵人"
"A3777",807,2,"索爾"
"A3778",788,2,"鋼鐵人"
"A3779",830,2,"美國隊長"
"A3780",784,1,"暴風女"
"A3781",790,1,"索爾"
"A3782",832,2,"鋼鐵人"
"A3783",815,1,"美國隊長"
"A3784",785,2,"暴風女"
"A3785",784,1,"美國隊長"
"A3786",749,2,"索爾"
"A3787",800,2,"其他"
"A3788",771,2,"暴風女"
"A3789",786,2,"美國隊長"
"A3790",780,3,"鋼鐵人"
"A3791",750,2,"鋼鐵人"
"A3792",816,1,"美國隊長"
"A3793",782,2,"索爾"
"A3794",829,2,"暴風女"
"A3795",782,2,"暴風女"
"A3796",789,2,"鋼鐵人"
"A3797",797,1,"索爾"
"A3798",815,2,"其他"
"A3799",781,1,"美國隊長"
"A3800",842,2,"暴風女"
"A3801",803,2,"鋼鐵人"
"A3802",810,2,"美國隊長"
"A3804",1024,2,"暴風女"
"A3805",801,1,"鋼鐵人"
"A3806",796,2,"索爾"
"A3807",962,3,"美國隊長"
"A3808",770,2,"索爾"
"A3809",809,1,"暴風女"
"A3810",799,3,"美國隊長"
"A3811",788,2,"鋼鐵人"
"A3812",750,2,"暴風女"
"A3813",824,2,"美國隊長"
"A3814",799,1,"鋼鐵人"
"A3815",816,2,"美國隊長"
"A3816",755,2,"暴風女"
"A3817",774,2,"索爾"
"A3818",769,2,"美國隊長"
"A3819",981,3,"鋼鐵人"
"A3820",800,2,"索爾"
"A3821",808,2,"暴風女"
"A3823",790,1,"鋼鐵人"
"A3824",734,2,"暴風女"
"A3825",769,2,"索爾"
"A3827",803,1,"美國隊長"
"A3828",760,2,"暴風女"
"A3829",758,2,"索爾"
"A3830",795,2,"美國隊長"
"A3831",776,2,"鋼鐵人"
"A3832",964,2,"美國隊長"
"A3833",800,2,"暴風女"
"A3834",776,1,"鋼鐵人"
"A3835",803,2,"索爾"
"A3836",803,1,"暴風女"
"A3837",769,2,"鋼鐵人"
"A3838",825,2,"美國隊長"
"A3840",780,2,"美國隊長"
"A3841",769,2,"美國隊長"
"A3842",778,1,"鋼鐵人"
"A3843",792,2,"索爾"
"A3844",803,2,"暴風女"
"A3845",814,1,"索爾"
"A3846",799,2,"美國隊長"
"A3847",987,2,"鋼鐵人"
"A3848",728,2,"暴風女"
"A3849",807,2,"鋼鐵人"
"A3850",803,2,"美國隊長"
"A3851",1028,2,"索爾"
"A3852",805,1,"暴風女"
"A3853",796,1,"鋼鐵人"
"A3854",759,2,"索爾"
"A3855",768,2,"美國隊長"
"A3856",862,2,"暴風女"
"A3857",917,1,"鋼鐵人"
"A3858",817,2,"美國隊長"
"A3859",797,2,"美國隊長"
"A3860",796,1,"鋼鐵人"
"A3861",788,2,"索爾"
"A3862",748,2,"暴風女"
"A3863",794,2,"鋼鐵人"
"A3864",796,2,"美國隊長"
"A3865",801,1,"暴風女"
"A3866",771,2,"美國隊長"
"A3867",787,2,"鋼鐵人"
"A3868",763,1,"索爾"
"A3869",781,2,"暴風女"
"A3870",789,1,"鋼鐵人"
"A3871",782,2,"索爾"
"A3872",792,2,"美國隊長"
"A3873",807,2,"美國隊長"
"A3874",739,2,"暴風女"
"A3875",788,2,"索爾"
"A3876",765,2,"鋼鐵人"
"A3877",793,2,"鋼鐵人"
"A3878",769,2,"暴風女"
"A3879",839,2,"美國隊長"
"A3880",765,2,"索爾"
"A3881",807,2,"暴風女"
"A3882",785,2,"鋼鐵人"
"A3883",811,2,"美國隊長"
"A3884",796,2,"美國隊長"
"A3885",796,2,"索爾"
"A3886",786,2,"暴風女"
"A3887",803,2,"鋼鐵人"
"A3888",806,2,"暴風女"
"A3889",788,2,"美國隊長"
"A3890",803,2,"鋼鐵人"
"A3891",810,2,"索爾"
"A3892",781,2,"鋼鐵人"
"A3893",776,2,"美國隊長"
"A3894",806,2,"暴風女"
"A3895",814,2,"黑寡婦"
"A3896",806,2,"索爾"
"A3897",811,1,"美國隊長"
"A3898",768,2,"暴風女"
"A3899",787,1,"美國隊長"
"A3900",812,1,"黑寡婦"
"A3901",810,1,"鋼鐵人"
"A3902",782,2,"暴風女"
"A3903",806,2,"索爾"
"A3904",802,1,"鋼鐵人"
"A3905",793,2,"黑寡婦"
"A3907",801,2,"索爾"
"A3908",769,2,"美國隊長"
"A3909",808,1,"暴風女"
"A3910",806,2,"美國隊長"
"A3911",810,1,"黑寡婦"
"A3912",797,1,"索爾"
"A3913",825,2,"暴風女"
"A3914",800,2,"鋼鐵人"
"A3915",819,2,"暴風女"
"A3916",789,2,"美國隊長"
"A3917",929,3,"鋼鐵人"
"A3918",837,2,"黑寡婦"
"A3919",760,2,"索爾"
"A3920",777,2,"美國隊長"
"A3921",705,2,"索爾"
"A3922",801,1,"鋼鐵人"
"A3923",771,2,"黑寡婦"
"A3924",773,2,"暴風女"
"A3925",771,2,"索爾"
"A3927",827,2,"暴風女"
"A3928",992,2,"黑寡婦"
"A3929",1004,2,"美國隊長"
"A3930",861,2,"黑寡婦"
"A3931",910,2,"暴風女"
"A3932",873,3,"鋼鐵人"
"A3933",938,2,"美國隊長"
"A3934",996,3,"暴風女"
"A3935",1114,2,"美國隊長"
"A3936",850,2,"鋼鐵人"
"A3937",727,2,"黑寡婦"
"A3938",656,2,"索爾"
"A3939",1040,2,"黑寡婦"
"A3940",926,2,"暴風女"
"A3941",914,2,"索爾"
"A3942",940,3,"鋼鐵人"
"A3943",979,2,"美國隊長"
"A3944",1090,3,"暴風女"
"A3945",976,3,"鋼鐵人"
"A3946",983,2,"索爾"
"A3947",959,3,"暴風女"
"A3948",981,3,"黑寡婦"
"A3949",1160,2,"美國隊長"
"A3950",968,2,"黑寡婦"
"A3951",974,2,"鋼鐵人"
"A3952",963,2,"美國隊長"
"A3953",NA,NA,"其他"
"A3954",NA,NA,"其他"
"A3955",NA,NA,"其他"
"A3956",NA,NA,"其他"
"A3957",NA,NA,"其他"
"A3958",NA,NA,"其他"
"A3959",NA,NA,"其他"
"A3960",NA,NA,"其他"
"A3961",NA,NA,"其他"
"A3962",NA,NA,"其他"
"A3963",NA,NA,"其他"
"A3964",NA,NA,"其他"
"A3965",NA,NA,"其他"
"七二水災",NA,NA,"其他"
"助學專戶",NA,NA,"其他"
"南亞震災",NA,NA,"其他"
"送愛高雄",NA,NA,"其他"
"視障專戶",NA,NA,"其他"
